Région,Type,Nom,"ID Transport Data","URL Transport Data","Nom GTFS","ID GTFS","URL GTFS","Commentaire"
Auvergne-Rhône-Alpes,Scolaire,"Réseau scolaire TCL","5de42c4d8b4c417a10e62ec9","https://transport.data.gouv.fr/datasets/horaires-theoriques-du-reseau-transports-en-commun-lyonnais","gtfs_lyon_scolaire.zip",,"Fichier nécessitant une connexion"
Auvergne-Rhône-Alpes,Transport,"Réseau urbain TCL","625b3d6e2436080543524b02","https://transport.data.gouv.fr/datasets/horaires-theoriques-des-lignes-scolaires-du-reseau-transports-en-commun-lyonnais","gtfs_lyon_tcl.zip",,"Fichier nécessitant une connexion"
Hauts-de-France,Transport,"Réseau urbain Hop Bus",685572caa318890ea3139e64,"https://transport.data.gouv.fr/datasets/hop-bus-le-reseau-100-gratuit-du-coeur-de-flandre","hopbus.zip",,"Fichier invalide après traitement par gtfsclean, nécessite un traitement manuel en utilisant https://github.com/patrickbr/gtfstidy/ avec les flags -SCRmTcsOeD au préalable"
Auvergne-Rhône-Alpes,Scolaire,"Réseau urbain et scolaire T'CAP","5cb42b2a8b4c4178f85e4a16","https://transport.data.gouv.fr/datasets/reseau-urbain-interurbain-et-scolaire-de-la-communaute-dagglomeration-privas-centre-ardeche","sco24data-gtfs-2024-10-16-10-39-46.zip",81342,"https://www.data.gouv.fr/api/1/datasets/r/5120cc52-6cc0-46b7-83b0-4c5cfd8f920c",
Nouvelle-Aquitaine,Scolaire,"Réseau scolaire Tempo Bus","5ff7297857a5b9141529201b","https://transport.data.gouv.fr/datasets/agen-gtfs-scolaire","agen-gtfs-scolaire-travaux-ete-2025.zip",81219,"https://www.data.gouv.fr/api/1/datasets/r/3fd582f2-e2ef-4ad7-894c-6f057b53b006",
Hauts-de-France,Scolaire,"Réseau scolaire de l'Aisne (02)","667005d113503ed936c4be56","https://transport.data.gouv.fr/datasets/arrets-horaires-et-parcours-theoriques-gtfs-du-reseau-routier-regional-de-transport-scolaire-02-aisne","Fichier GTFS scolaire de l'Aisne",82276,"https://www.data.gouv.fr/api/1/datasets/r/46fa1d25-72a8-40e2-849d-c08c096a44c7",
Hauts-de-France,Scolaire,"Réseau scolaire de la Somme (80)","667005d213503ed936c4be58","https://transport.data.gouv.fr/datasets/arrets-horaires-et-parcours-theoriques-gtfs-du-reseau-routier-regional-de-transport-scolaire-80-somme","Fichier GTFS scolaire de la Somme",81826,"https://www.data.gouv.fr/api/1/datasets/r/34cc46fd-56f8-450c-802c-f5ad3a4914af",
Hauts-de-France,Scolaire,"Réseau scolaire de Pas-de-Calais (62)","667005b613503ed936c4be26","https://transport.data.gouv.fr/datasets/arrets-horaires-et-parcours-theoriques-gtfs-du-reseau-routier-regional-de-transport-scolaire-62-pas-de-calais","Fichier GTFS scolaire du Pas-de-Calais",81833,"https://www.data.gouv.fr/api/1/datasets/r/deb2e6c8-fc48-4a11-b7d0-180f961fd4dc",
Martinique,Scolaire,"Réseau scolaire de Martinique","66ec3c0c709063a99cb03d00","https://transport.data.gouv.fr/datasets/gtfs-du-transport-scolaire-en-martinique","gtfs-scolaire-mt.zip",82289,"https://www.data.gouv.fr/api/1/datasets/r/c14a1893-58a1-4e7b-830e-bd1f9daa863d",
Bretagne,Scolaire,"Réseau scolaire REDON Agglomération","5e9ff4cd897a11100789e5c3","https://transport.data.gouv.fr/datasets/transport-scolaire-redon-agglomeration-format-gtfs","GTFS_20250520190316Z.zip",83126,"https://www.data.gouv.fr/api/1/datasets/r/342f132a-055a-45dd-a50a-6bef89c58444",
Provence-Alpes-Côte d'Azur,Scolaire,"Réseau scolaire interurbain ZOU !","668d09dea847603d391cbe9b","https://transport.data.gouv.fr/datasets/lignes-des-reseaux-transport-zou-provence-alpes-cote-d-azur-scolaire-1-3","ZOU_Réseau Scolaire GTFS.Zip",82136,"https://www.data.gouv.fr/api/1/datasets/r/6471d334-17df-4308-bae0-5736c24a2e6a",
Normandie,Scolaire,"Réseau scolaire de Flers","65a7f8a1a8c1f93f2f87dea9","https://transport.data.gouv.fr/datasets/reseau-nemus","GTFS  SCOLAIRE DU 02/09/2024 AU 04/07/2025",82094,"https://www.data.gouv.fr/api/1/datasets/r/e833d9ed-201b-4154-aa16-45bc00939571",
Auvergne-Rhône-Alpes,Mixte,"Réseau interurbain et scolaire de la Drôme (26)","607860847e79b65f245982db","https://transport.data.gouv.fr/datasets/reseau-interurbain-et-scolaire-cars-region-drome-26","GTFS_drome.zip",80960,"https://www.data.gouv.fr/api/1/datasets/r/fda59af2-0eb3-4a8a-8e59-593f768f836a",
Nouvelle-Aquitaine,Mixte,"Réseau urbain et scolaire TBM",67f5bad303325228295b7dff,https://transport.data.gouv.fr/datasets/offres-de-services-bus-tram-et-scolaire-au-format-gtfs-netex-gtfs-rt-siri-lite,offres-de-services-bus-tramway-gtfs.csv,83024,https://www.data.gouv.fr/api/1/datasets/r/0e963e66-1241-4e1b-88bb-7f39149663d7,
Auvergne-Rhône-Alpes,Mixte,"Réseau scolaire Start",6371ee54c77b47381f77bed6,https://transport.data.gouv.fr/datasets/thonon-agglomeration-donnees-gtfs,GTFS START Thonon Agglomération,82178,https://www.data.gouv.fr/api/1/datasets/r/7cbb883b-d0cb-4bc7-b2e0-7537afdbc86e,
Occitanie,Scolaire,"Réseau urbain et scolaire Sankéo",615fd9d5bbb0c1c35fe86fe3,https://transport.data.gouv.fr/datasets/gtfs-sankeo,Réseau Sankéo - Lignes Scolaires,82902,https://www.data.gouv.fr/api/1/datasets/r/6e9de060-61f6-49aa-a7ae-f0e5f509415a,
Nouvelle-Aquitaine,Scolaire,"Réseau scolaire Scolaris",60c1562cdcedc99af52fcb48,https://transport.data.gouv.fr/datasets/fichier-des-donnees-theoriques-du-reseau-scolaris-au-format-gtfs,fichier-des-donnees-theoriques-du-reseau-scolaris-au-format-gtfs.csv,83167,https://data.idelis.fr/api/explore/v2.1/catalog/datasets/fichier-des-donnees-theoriques-du-reseau-scolaris-au-format-gtfs/files/b2d11deac94e5271d88cef3ece50b3ac,
Provence-Alpes-Côte d'Azur,Scolaire,"Réseau urbain et scolaire Sillages",5bc59247634f417c808580b3,https://transport.data.gouv.fr/datasets/lignes-regulieres-de-transports-sillages-en-pays-de-grasse-urbain-et-scolaire,Réseau Scolaire Sillages 2024,79821,https://www.data.gouv.fr/api/1/datasets/r/1580b34b-8ebe-42b1-b75c-a4ae41d579b7,
Normandie,Mixte,"Réseau urbain et scolaire SEMO",63ce63e875b5484b930b83b7,https://transport.data.gouv.fr/datasets/semo-val-de-reuil-louviers-seine-eure-agglo,pt-th-offer-semo-gtfs-20240918-649-opendata.zip,81338,https://www.data.gouv.fr/api/1/datasets/r/98bbbf7c-10ff-48a0-afc2-c5f7b3dda5af,
Bretagne,Mixte,"Réseau urbain et scolaire Guingamp-Paimpol Mobilité",60a60327c7e5bc1ceacd5a95,https://transport.data.gouv.fr/datasets/reseau-urbain-scolaire-guingamp-paimpol-mobilite,Données théoriques au format GTFS,72361,https://www.data.gouv.fr/api/1/datasets/r/52057eec-3786-444c-8696-8473c4c6888e,
Hauts-de-France,Mixte,"Réseau urbain et scolaire CA2BM",685cf81c5dac32ff8e0b7cee,https://transport.data.gouv.fr/datasets/transports-en-commun-ca2bm,ca2bm-lignes-regulieres-ca2bm-reg-v48-reseau-01062024-gtfs-2024-06-28-14-38-48.zip,83315,https://www.data.gouv.fr/api/1/datasets/r/71a54454-5b15-4398-991c-b8cb47f0cf93,
Auvergne-Rhône-Alpes,Scolaire,"Réseau urbain et scolaire CoqueliGO",67e4099d504ada1f4862a391,https://transport.data.gouv.fr/datasets/gtfs-reseau-transport-urbain-coqueligo,CoqueliGO_CoqueliGO-Scolaire-V9-3_gtfs_2025-03-26_15-02-00.zip,82905,https://www.data.gouv.fr/api/1/datasets/r/6347db14-359e-44ba-9682-f0157ec9319d,
Auvergne-Rhône-Alpes,Transport,"Réseau urbain T2C",6397c0fb7612df845fc8cd1f,https://transport.data.gouv.fr/datasets/syndicat-mixte-des-transports-en-commun-de-lagglomeration-clermontoise-smtc-ac-reseau-t2c-gtfs-gtfs-rt,GTFS,81750,https://www.data.gouv.fr/api/1/datasets/r/11912e2c-48ec-4797-beee-f7f828a9eb22,
Provence-Alpes-Côte d'Azur,Transport,"Réseau urbain Compagnie d'Autobus de Monaco",68a364bc8b676fbda440b3a6,https://transport.data.gouv.fr/datasets/horaires-reseau-au-4-novembre-2024-fichier-gtfs,gtfs.zip,83314,https://www.data.gouv.fr/api/1/datasets/r/89d50803-cf15-424c-a857-96828bb3ce38,
Guadeloupe,Transport,"Réseau urbain KARU'LIS",5fbd322e32bda59e482719f4,"https://transport.data.gouv.fr/datasets/syndicat-mixte-des-transports-du-petit-cul-de-sac-marin","gtfs-smtpcsm-2025.zip",82727,"https://www.data.gouv.fr/api/1/datasets/r/ac89688b-252b-4b23-9e97-39226402cf2b",
Guadeloupe,Transport,"Réseau urbain TUNGT",66e0260f3a4a422bee0f8a33,"https://transport.data.gouv.fr/datasets/reseau-transport-urbain-du-nord-grande-terre-1","urbain-cangt-v6-1-gtfs-2025-04-09-03-34-00.zip",83020,"https://www.data.gouv.fr/api/1/datasets/r/dbfbff0f-46b6-44d5-a4d4-60d4ac645026",
Martinique,Transport,"Réseau maritime de Martinique",66c5292d8731e820140565b7,"https://transport.data.gouv.fr/datasets/gtfs-du-reseau-maritime-de-martinique","gtfs-maritime-bluelines.zip",82139,"https://www.data.gouv.fr/api/1/datasets/r/39fc07d6-65b5-49f0-a5f2-d56757a8dd42",
Martinique,Transport,"Réseau urbain de la zone Centre (CACEM)",636a99741450998eb73032df,"https://transport.data.gouv.fr/datasets/gtfs-urbain-de-la-zone-centre","gtfs-centre-rtm.zip",79898,"https://www.data.gouv.fr/api/1/datasets/r/6e599077-0719-44b4-82ad-0da90a282846",
Martinique,Transport,"Réseau urbain de la zone Nord (CAP NORD)",63da9677e47cfa0836c459e5,"https://transport.data.gouv.fr/datasets/gtfs-urbain-de-la-zone-nord-cap-nord","gtfs-nord-rtm.zip",80606,"https://www.data.gouv.fr/api/1/datasets/r/82481c27-2e52-40ef-a563-b011ba487ead",
Martinique,Mixte,"Réseau urbain de la zone Sud (CAESM)",636a9af02a03225c607bc19e,"https://transport.data.gouv.fr/datasets/gtfs-urbain-de-la-zone-sud","gtfs-sud-sudlib.zip",79897,"https://www.data.gouv.fr/api/1/datasets/r/d910480b-c9a5-4f48-a257-4e1aa799c5c8",
Guyane,Transport,"Réseau urbain Agglobus",615c0b5448c0d2789eb0681b,"https://transport.data.gouv.fr/datasets/agence-agglobus","CACL PERIURBAIN",81705,"https://www.data.gouv.fr/api/1/datasets/r/9e9cea88-cdf9-4f3d-ae17-f30c9512d276",
Guyane,Transport,"Réseau urbain Agglobus",615c0b5448c0d2789eb0681b,"https://transport.data.gouv.fr/datasets/agence-agglobus","GTFS L7 ET L10",83304,"https://www.data.gouv.fr/api/1/datasets/r/12c4aed4-a268-4cb3-8fb5-7625a747cf56",
Guyane,Transport,"Réseau urbain de la Communauté d'agglomération du Centre Littoral",5fe368d417a49c5d305bd291,"https://transport.data.gouv.fr/datasets/reseau-urbain-cacl-agglobus","Ligne 10",82387,"https://www.data.gouv.fr/api/1/datasets/r/de3cdd7f-ad9b-4017-9a8c-21d90512ba8e",
Guyane,Transport,"Réseau urbain de la Communauté d'agglomération du Centre Littoral",5fe368d417a49c5d305bd291,"https://transport.data.gouv.fr/datasets/reseau-urbain-cacl-agglobus","cacl-l7-obis-l7-2024-gtfs-2024-01-03-08-54-24.zip",81498,"https://www.data.gouv.fr/api/1/datasets/r/05e8c247-1723-4f07-8355-dd8b893fd1f4",
La Réunion,Transport,"Réseau interurbain Cars Jaunes",5f3b576ef388432cf6071cc6,"https://transport.data.gouv.fr/datasets/horaires-theoriques-au-format-gtfs-et-horaires-temps-reel-au-format-gtfs-rt-du-reseau-car-jaune-a-la-reunion","Horaires théoriques du réseau Car Jaunes",80934,"https://transport.data.gouv.fr/resources/80934/download",
La Réunion,Transport,"Réseau urbain CITALIS",67d9595a0a0c002ca694c072,"https://transport.data.gouv.fr/datasets/horaire-du-reseau-citalis","GTFS_CITALIS_BUS.zip",82879,"https://www.data.gouv.fr/api/1/datasets/r/fc065c47-8644-4941-a8ca-4d8322a45749",
La Réunion,Transport,"Téléphérique Papang",67daaa80d0f0a30eef26b90f,"https://transport.data.gouv.fr/datasets/citalis-telepherique-papang","PAP1_GTFS_2024-12-01--2026-01-01.zip",82880,"https://www.data.gouv.fr/api/1/datasets/r/fa444b8c-c1c6-4015-ac50-f748c12764d3",
La Réunion,Transport,"Réseau urbain CarSud",5fc4bb07daf796b0fc95272a,"https://transport.data.gouv.fr/datasets/referentiel-topologique-reseau-carsud","gtfs-carsud-10062025.zip",81183,"https://www.data.gouv.fr/api/1/datasets/r/8f3642e3-9fc3-45ed-af46-8c532966ace3",
La Réunion,Transport,"Réseau urbain Kar'Ouest",601a4e7aa7c110b68de1b2b1,"https://transport.data.gouv.fr/datasets/reseau-karouest","gtfs-ko.zip",81116,"https://www.data.gouv.fr/api/1/datasets/r/c9c2f609-d0cd-4233-ad1b-cf86b9bf2dc8",
La Réunion,Transport,"Réseau urbain Estival",64f045b4fab41cdd6b3edf36,"https://transport.data.gouv.fr/datasets/jeu-de-donnee-spl-estival-2025","gtfs-heures-dec2024.zip",81253,"https://www.data.gouv.fr/api/1/datasets/r/919b4ca6-11e3-4156-bf59-5c0e7f25d929",
La Réunion,Transport,"Réseau urbain Alternéo",5cb7170d634f414f552323c7,"https://transport.data.gouv.fr/datasets/donnees-du-reseau-alterneo","gtfs-cineo-20250821-20260821.zip",80676,"https://transport.data.gouv.fr/resources/80676/download",
Ile de france,Transport,"Réseaux urbains et interurbains d'Île-de-France Mobilités (IDFM)",6449c52caeceb71273a42dd3,"https://transport.data.gouv.fr/datasets/reseau-urbain-et-interurbain-dile-de-france-mobilites","Horaires au format GTFS",80921,"https://www.data.gouv.fr/api/1/datasets/r/413988ed-d340-467b-8be2-7b999fcd207a",
Centre-Val de Loire,Transport,"Agrégat des réseaux urbains et interurbains de la région Centre-Val-de-Loire",5e6435f59ce2e71b24f4c8c0,"https://transport.data.gouv.fr/datasets/arrets-itineraires-et-horaires-theoriques-des-reseaux-de-transport-des-membres-de-jvmalin","jvmalin-point-dacces-national.csv",82873,"https://www.data.gouv.fr/api/1/datasets/r/d6245fd2-cca0-4831-876c-26b77c575c66",
Bourgogne-Franche-Comté,Transport,"Réseau interurbain Mobigo",5f2c9a79e4e713875a58be26,"https://transport.data.gouv.fr/datasets/reseau-de-transport-interurbain-mobigo-en-bourgogne-franche-comte","Données du réseau (Haute-Saône)",11085,"https://www.data.gouv.fr/api/1/datasets/r/e42ce1e1-81c5-4ace-9fa8-e6091a89378c",
Bourgogne-Franche-Comté,Transport,"Réseau interurbain Mobigo",5f2c9a79e4e713875a58be26,"https://transport.data.gouv.fr/datasets/reseau-de-transport-interurbain-mobigo-en-bourgogne-franche-comte","Données du réseau (Nièvre)",11084,"https://www.data.gouv.fr/api/1/datasets/r/6c4ac6eb-d6b0-496d-a52a-3e67666997c6",
Bourgogne-Franche-Comté,Transport,"Réseau interurbain Mobigo",5f2c9a79e4e713875a58be26,"https://transport.data.gouv.fr/datasets/reseau-de-transport-interurbain-mobigo-en-bourgogne-franche-comte","Données du réseau (Saône et Loire)",11086,"https://www.data.gouv.fr/api/1/datasets/r/e2d405ba-8b1c-4398-9623-45c8324da0bf",
Bourgogne-Franche-Comté,Transport,"Réseau interurbain Mobigo",5f2c9a79e4e713875a58be26,"https://transport.data.gouv.fr/datasets/reseau-de-transport-interurbain-mobigo-en-bourgogne-franche-comte","Données du réseau (Doubs)",11082,"https://www.data.gouv.fr/api/1/datasets/r/b9bef242-2af5-4945-a38a-c37b7e459e9e",
Bourgogne-Franche-Comté,Transport,"Réseau interurbain Mobigo",5f2c9a79e4e713875a58be26,"https://transport.data.gouv.fr/datasets/reseau-de-transport-interurbain-mobigo-en-bourgogne-franche-comte","Données du réseau (Jura)",11083,"https://www.data.gouv.fr/api/1/datasets/r/fda806ca-8624-469d-9609-0279c91e914d",
Bourgogne-Franche-Comté,Transport,"Réseau interurbain Mobigo",5f2c9a79e4e713875a58be26,"https://transport.data.gouv.fr/datasets/reseau-de-transport-interurbain-mobigo-en-bourgogne-franche-comte","Données du réseau (Côte d'Or)",11081,"https://www.data.gouv.fr/api/1/datasets/r/05cabcf8-c4bb-4dab-b8f3-ddb826790511",
Bourgogne-Franche-Comté,Transport,"Réseau interurbain Mobigo",5f2c9a79e4e713875a58be26,"https://transport.data.gouv.fr/datasets/reseau-de-transport-interurbain-mobigo-en-bourgogne-franche-comte","Données du réseau (Yonne)",11087,"https://www.data.gouv.fr/api/1/datasets/r/639db1dc-8b31-481e-a42f-46b27e3605f3",
Bourgogne-Franche-Comté,Transport,"Réseau urbain DiviaMobilités",5d31d8b69ce2e703da90b699,"https://transport.data.gouv.fr/datasets/gtfs-diviamobilites","gtfs-diviamobilites-current.zip",80742,"https://www.data.gouv.fr/api/1/datasets/r/e0dbd217-15cd-4e28-9459-211a27511a34",
Bourgogne-Franche-Comté,Transport,"Réseau urbain Ginko",5b5b090988ee385b10198107,"https://transport.data.gouv.fr/datasets/gtfs-et-siri-du-reseau-ginko-besancon-lignes-urbaines-et-periurbaines","GTFS du réseau Ginko (lignes urbaines et périurbaines)",80590,"https://www.data.gouv.fr/api/1/datasets/r/e18e0aeb-8805-47fd-bcdb-c226d21c96fe",
Bourgogne-Franche-Comté,Transport,"Réseau urbain Optymo",5b11435b88ee387a7f45434c,"https://transport.data.gouv.fr/datasets/arrets-circuits-et-horaires-du-reseau-optymo-de-belfort","gtfs.zip",79374,"https://www.data.gouv.fr/api/1/datasets/r/797c424e-7d28-4e65-84f6-6677e47d8a6e",
Bourgogne-Franche-Comté,Transport,"Réseau urbain évolitY",5e5e62548b4c415ab68ec380,"https://transport.data.gouv.fr/datasets/evolity-horaires-theoriques-de-transport-public","réseau évolitY du 18/08/25 au 31/12/25",81944,"https://www.data.gouv.fr/api/1/datasets/r/b45aa8d8-4bd4-4528-99c7-acfc980fdb09",
Bourgogne-Franche-Comté,Transport,"Réseau urbain Zoom",61127204f7722f5b42a70586,"https://transport.data.gouv.fr/datasets/reseauzoom-horaires-theoriques","Horaires bus",82664,"https://www.data.gouv.fr/api/1/datasets/r/f11a3766-1fe3-40ff-8d5a-27eacda3d9a7",
Bourgogne-Franche-Comté,Transport,"Réseau urbain MonRéZO",5d14f47a634f4155ae63a796,"https://transport.data.gouv.fr/datasets/arrets-horaires-et-parcours-theoriques-du-reseau-monrezo-cucm-gtfs-1","MISE A JOUR  JUIN 2025 ",82999,"https://www.data.gouv.fr/api/1/datasets/r/128b06bc-f263-4530-8e03-395402f87256",
Bourgogne-Franche-Comté,Transport,"Réseau urbain TréMA",5c0f8c7e634f41201cf158a6,"https://transport.data.gouv.fr/datasets/offre-de-transport-du-reseau-trema-gtfs","trema-gtfs-2025-09-01.zip",83375,"https://www.data.gouv.fr/api/1/datasets/r/c8f2f84a-eefa-461f-be11-71076a6a9bb7",
Bourgogne-Franche-Comté,Transport,"Réseau urbain Tanéo",5b0ffbe888ee3873de5d2fc8,"https://transport.data.gouv.fr/datasets/versions-des-horaires-theoriques-des-lignes-du-reseau-de-bus-au-format-gtfs","gtfs-20240828.zip",81227,"https://www.data.gouv.fr/api/1/datasets/r/0b65dda9-51d3-4d84-811b-8a11629a5e55",
Bourgogne-Franche-Comté,Transport,"Réseau urbain Léo",5bec4c588b4c4165a5e3d43d,"https://transport.data.gouv.fr/datasets/reseau-de-transports-en-commun-de-la-communaute-dagglomeration-de-lauxerrois","gtfs-mdma.zip",78934,"https://transport.data.gouv.fr/resources/78934/download",
Bourgogne-Franche-Comté,Transport,"Réseau urbain Intercom",66794be70cbcd135b68c0282,"https://transport.data.gouv.fr/datasets/horaires-du-reseau-de-bus-intercom-3","gtfs-open-data.zip",81898,"https://www.data.gouv.fr/api/1/datasets/r/5f2edbfa-9025-467d-b769-80f4b1ec4ba6",
Bourgogne-Franche-Comté,Transport,"Réseau urbain Grandole Mobilités",5e2087978b4c41738e555328,"https://transport.data.gouv.fr/datasets/reseau-de-transport-du-grand-dole","gtfs-dole.zip",81254,"https://transport.data.gouv.fr/resources/81254/download",
Bourgogne-Franche-Comté,Transport,"Réseau urbain Côte&Bus",5bf52498634f410a498457b6,"https://transport.data.gouv.fr/datasets/offre-de-transport-de-la-c-a-beaune-cote-sud-gtfs","coteetbus-sae-11-06-2025.zip",82660,"https://www.data.gouv.fr/api/1/datasets/r/c00d487c-4766-4ca1-b736-e7de110331d9",
Bourgogne-Franche-Comté,Transport,"Réseau urbain TEA",60d03cf9a14cb33ff81682a2,"https://transport.data.gouv.fr/datasets/arrets-lignes-regulieres-reseau-de-transport-urbain-a-autun","gtfs-CCGAM.zip",83383,"https://www.data.gouv.fr/api/1/datasets/r/b587f007-9b23-4b2a-a609-9368a4c2c490",
Bourgogne-Franche-Comté,Transport,"Réseau urbain TEA",60d03cf9a14cb33ff81682a2,"https://transport.data.gouv.fr/datasets/arrets-lignes-regulieres-reseau-de-transport-urbain-a-autun","gtfs-20240703-111144-bfc-sud.zip",51517,"https://www.data.gouv.fr/api/1/datasets/r/0fd67eb8-24a4-4ae0-b98b-b442f74244e1",
Bourgogne-Franche-Comté,Transport,"Réseau urbain TEA",60d03cf9a14cb33ff81682a2,"https://transport.data.gouv.fr/datasets/arrets-lignes-regulieres-reseau-de-transport-urbain-a-autun","gtfs-CCGAM.zip",83261,"https://www.data.gouv.fr/api/1/datasets/r/e8d26c37-a027-4b4b-8dc8-4de81d331dec",
Bourgogne-Franche-Comté,Transport,"Réseau urbain ECLA Mobilité",670f89d5f59a60474d3d7ecd,"https://transport.data.gouv.fr/datasets/ecla-lons-agglo-mobilites","gtfs-ecla-l1-l2-l3-l4-07-05-2025.zip",82415,"https://www.data.gouv.fr/api/1/datasets/r/ec61df69-830c-4ca7-9d78-9a81c515e9de",
Bourgogne-Franche-Comté,Transport,"Réseau urbain moova",5cdac0058b4c4107cf50adaa,"https://transport.data.gouv.fr/datasets/horaires-theoriques-du-reseau-moova-communaute-dagglomeration-de-vesoul-gtfs","gtfs-moova.zip",81222,"https://www.data.gouv.fr/api/1/datasets/r/0d6e6c56-8926-49b3-87e2-13c6f57c136b",
Normandie,Transport,"Agrégat des réseaux urbains et interurbains de Normandie",5ced52ed8b4c4177b679d377,"https://transport.data.gouv.fr/datasets/base-de-donnees-multimodale-des-reseaux-de-transport-public-normands","Base de données multimodale théorique des réseaux de transport public normands au format GTFS",81942,"https://www.data.gouv.fr/api/1/datasets/r/3873ccc7-44d9-40f3-a133-920944af0c29",
Hauts-de-France,Transport,"Réseau interurbain de l'Aisne (02)",66d25e446c064cce497093a1,"https://transport.data.gouv.fr/datasets/arrets-horaires-et-parcours-theoriques-gtfs-du-reseau-routier-regional-de-transport-interurbain-02-aisne","Fichier GTFS commercial de l'Aisne",82170,"https://www.data.gouv.fr/api/1/datasets/r/4258bcab-8da4-42fe-a811-0135d7476e85",
Hauts-de-France,Transport,"Réseau interurbain de la Somme (80)",66970a3d58c639f7658e70c8,"https://transport.data.gouv.fr/datasets/arrets-horaires-et-parcours-theoriques-gtfs-du-reseau-routier-regional-de-transport-interurbain-80-somme","Fichier GTFS commercial de la Somme",82277,"https://www.data.gouv.fr/api/1/datasets/r/429d30fb-ba6e-4e90-ad82-6d589a98cbfd",
Hauts-de-France,Transport,"Réseau interurbain du Pas-de-Calais (62)",66d25e146c064cce49709399,"https://transport.data.gouv.fr/datasets/arrets-horaires-et-parcours-theoriques-gtfs-du-reseau-routier-regional-de-transport-interurbain-62-pas-de-calais-1","Fichier GTFS commercial du Pas-de-Calais",82169,"https://www.data.gouv.fr/api/1/datasets/r/3e744287-1221-47fd-96e0-fa154e79c4f8",
Hauts-de-France,Mixte,"Réseau interurbain et scolaire de l'Oise (60)",667005da13503ed936c4be66,"https://transport.data.gouv.fr/datasets/arrets-horaires-et-parcours-theoriques-du-reseau-routier-regional-de-transport-scolaire-et-interurbain-60-oise-1","Fichier GTFS commercial et scolaire de l'Oise - Périmètre 1",81820,"https://www.data.gouv.fr/api/1/datasets/r/ae3f2c20-ddf9-4469-a953-ebb56e273d3f",
Hauts-de-France,Mixte,"Réseau interurbain et scolaire de l'Oise (60)",667005da13503ed936c4be66,"https://transport.data.gouv.fr/datasets/arrets-horaires-et-parcours-theoriques-du-reseau-routier-regional-de-transport-scolaire-et-interurbain-60-oise-1","Fichier GTFS commercial et scolaire de l’Oise – Périmètre 4",81823,"https://www.data.gouv.fr/api/1/datasets/r/5338146c-d7d5-44fe-aa17-df21e170b7d5",
Hauts-de-France,Mixte,"Réseau interurbain et scolaire de l'Oise (60)",667005da13503ed936c4be66,"https://transport.data.gouv.fr/datasets/arrets-horaires-et-parcours-theoriques-du-reseau-routier-regional-de-transport-scolaire-et-interurbain-60-oise-1","Fichier GTFS commercial et scolaire de l’Oise – Périmètre 2",81821,"https://www.data.gouv.fr/api/1/datasets/r/67129a71-49d0-467d-b388-4672ab1d5593",
Hauts-de-France,Mixte,"Réseau interurbain et scolaire de l'Oise (60)",667005da13503ed936c4be66,"https://transport.data.gouv.fr/datasets/arrets-horaires-et-parcours-theoriques-du-reseau-routier-regional-de-transport-scolaire-et-interurbain-60-oise-1","Fichier GTFS commercial et scolaire de l’Oise – Périmètre 3",81822,"https://www.data.gouv.fr/api/1/datasets/r/c50a9ec8-98dc-40ee-a842-555738197957",
Hauts-de-France,Mixte,"Réseau interurbain et scolaire du Nord (59)",667005c713503ed936c4be46,"https://transport.data.gouv.fr/datasets/arrets-horaires-et-parcours-theoriques-gtfs-du-reseau-routier-regional-de-transport-scolaire-et-interurbain-59-nord","Fichier GTFS commercial et scolaire du Nord – Périmètre 4",81832,"https://www.data.gouv.fr/api/1/datasets/r/1e2937e3-d495-44bc-aec0-bd5da085e3a4",
Hauts-de-France,Mixte,"Réseau interurbain et scolaire du Nord (59)",667005c713503ed936c4be46,"https://transport.data.gouv.fr/datasets/arrets-horaires-et-parcours-theoriques-gtfs-du-reseau-routier-regional-de-transport-scolaire-et-interurbain-59-nord","Fichier GTFS commercial et scolaire du Nord – Périmètre 1",81828,"https://www.data.gouv.fr/api/1/datasets/r/293d12e7-7db8-42d8-bbb4-543aad13fc7e",
Hauts-de-France,Mixte,"Réseau interurbain et scolaire du Nord (59)",667005c713503ed936c4be46,"https://transport.data.gouv.fr/datasets/arrets-horaires-et-parcours-theoriques-gtfs-du-reseau-routier-regional-de-transport-scolaire-et-interurbain-59-nord","Fichier GTFS commercial et scolaire du Nord – Périmètre 2",81829,"https://www.data.gouv.fr/api/1/datasets/r/58babea3-fc7a-4e2d-be16-69936f10e81c",
Hauts-de-France,Mixte,"Réseau interurbain et scolaire du Nord (59)",667005c713503ed936c4be46,"https://transport.data.gouv.fr/datasets/arrets-horaires-et-parcours-theoriques-gtfs-du-reseau-routier-regional-de-transport-scolaire-et-interurbain-59-nord","Fichier GTFS commercial et scolaire du Nord – Périmètre 3A",81830,"https://www.data.gouv.fr/api/1/datasets/r/bb4ce18c-af05-4a8c-b7ae-f9c53bdb3fae",
Hauts-de-France,Mixte,"Réseau interurbain et scolaire du Nord (59)",667005c713503ed936c4be46,"https://transport.data.gouv.fr/datasets/arrets-horaires-et-parcours-theoriques-gtfs-du-reseau-routier-regional-de-transport-scolaire-et-interurbain-59-nord","Fichier GTFS commercial et scolaire du Nord – Périmètre 3B",81831,"https://www.data.gouv.fr/api/1/datasets/r/1796335a-7cd1-433b-99ed-41d3d9785a9e",
Hauts-de-France,Transport,"Réseau urbain ilévia",665fe73f1da7949369f23bb5,"https://transport.data.gouv.fr/datasets/localisation-des-arrets-ilevia-bus-metro-et-tram-gtfs-pictogrammes-du-reseau-ilevia-2","Télécharger depuis un site web",81995,"https://www.data.gouv.fr/api/1/datasets/r/c9e5dd3f-8eed-4ad7-aec2-915240599cf6",
Hauts-de-France,Transport,"Réseau urbain TADAO",600ee0e9d319b4c4b84bd748,"https://transport.data.gouv.fr/datasets/gtfs-tadao","ETE_RENTREE_2025",83132,"https://www.data.gouv.fr/api/1/datasets/r/7b4bf9e6-50c5-47d1-855d-7da6c149a16e",
Hauts-de-France,Transport,"Réseau urbain Transvilles",63eb6d550f2b31a8efe618fe,"https://transport.data.gouv.fr/datasets/horaires-du-reseau-transvilles-au-format-gtfs","réseau à partir du 05 09 2025",82442,"https://www.data.gouv.fr/api/1/datasets/r/15438966-8d3c-4dd9-8905-189379ea4c7d",
Hauts-de-France,Transport,"Réseau urbain Eveole",5fff2eb33452677715ff8fe6,"https://transport.data.gouv.fr/datasets/eveole-douai-reseau-bus-du-syndicat-mixte-des-transports-du-douaisis-smtd","GTFS_EVEOLE_DOUAI",79544,"https://www.data.gouv.fr/api/1/datasets/r/99cf5e2f-87c2-4ff1-bc0d-32f04cc213ab",
Hauts-de-France,Transport,"Réseau urbain DK'BUS",5c123acf634f417c2d2e8ab4,"https://transport.data.gouv.fr/datasets/offre-de-transports-reseau-dk-bus-de-la-communaute-urbaine-de-dunkerque-gtfs","Réseau Transports Dk'Bus",82683,"https://www.data.gouv.fr/api/1/datasets/r/f51fabfb-9d7a-44b7-bd03-d1032337fb80",
Hauts-de-France,Transport,"Réseau urbain Ametis",6033a87b4e276fd6499986bf,"https://transport.data.gouv.fr/datasets/ametis","GTFS - Horaires théoriques + TAD + Scolaire + Shapes",80223,"https://www.data.gouv.fr/api/1/datasets/r/571e3014-066d-4bd6-9f73-fb8065c928c6",
Hauts-de-France,Transport,"Réseau urbain SITAC",6670560d00478a9b4a2d0233,"https://transport.data.gouv.fr/datasets/horaires-theoriques-et-temps-reel-aux-formats-gtfs-et-gtfs-rt-du-reseau-sitac","Données théoriques du réseau",83308,"https://www.data.gouv.fr/api/1/datasets/r/fd7655bc-bfe7-4c13-ba57-2ce9f9282416",
Hauts-de-France,Transport,"Réseau urbain Marinéo",5b0d18ed88ee3836341f603d,"https://transport.data.gouv.fr/datasets/horaires-theoriques-et-temps-reel-du-reseau-de-transport-marineo","GTFS Données théoriques  ",51449,"https://www.data.gouv.fr/api/1/datasets/r/579e4f5e-2916-4b95-90b8-f675943d0136",
Hauts-de-France,Transport,"Réseau urbain Artis",68b169c0157d0b9b1d417479,"https://transport.data.gouv.fr/datasets/reseau-de-transport-artis","GTFS-20250828-151217.zip",83372,"https://www.data.gouv.fr/api/1/datasets/r/4ded8fb3-a38d-45c5-b4a7-a2f6ac17ba4f",
Hauts-de-France,Transport,"Réseau interurbain Corolis",64c3da6eae50f397e3d8d099,"https://transport.data.gouv.fr/datasets/donnees-theoriques-et-temps-reel-du-reseau-corolis-interurbain-communaute-dagglomeration-du-beauvaisis","Arrêts, horaires et parcours théoriques (GTFS) - réseau Corolis (interurbain)",81138,"https://www.data.gouv.fr/api/1/datasets/r/191ae476-2ce8-48d7-bed2-b9cb93f63364",
Hauts-de-France,Transport,"Réseau urbain Corolis",64a707c2e0c46980035f5e78,"https://transport.data.gouv.fr/datasets/donnees-theoriques-et-temps-reel-du-reseau-corolis-urbain-communaute-dagglomeration-du-beauvaisis","Arrêts, horaires et parcours théoriques (GTFS) - réseau Corolis (urbain)",81074,"https://www.data.gouv.fr/api/1/datasets/r/2b8e53ce-a26c-4986-8d33-505e1b680bb4",
Hauts-de-France,Transport,"Réseau urbain AXO",64a70ac9e0c46980035f5e79,"https://transport.data.gouv.fr/datasets/donnees-theoriques-et-temps-reel-du-reseau-axo-communaute-dagglomeration-creil-sud-oise","Arrêts, horaires et parcours théoriques (GTFS) - réseau AXO",81072,"https://www.data.gouv.fr/api/1/datasets/r/0676f78f-66f9-4d37-a67e-0944ac5164e3",
Hauts-de-France,Transport,"Réseau urbain Mouvéo",5ed7997e20371802a7ee1400,"https://transport.data.gouv.fr/datasets/transports-en-commun-audomarois-1","mouveo.zip",81457,"https://www.data.gouv.fr/api/1/datasets/r/584491f9-0ace-4ee2-a49e-23caedb6f3f1",
Hauts-de-France,Transport,"Réseau interurbain TIC",64c3e1b754d25daefbd3a5f6,"https://transport.data.gouv.fr/datasets/donnees-theoriques-et-temps-reel-du-reseau-tic-interurbain-communaute-dagglomeration-de-la-region-de-compiegne-et-de-la-basse-automne","Arrêts, horaires et parcours théoriques (GTFS) - réseau TIC (interurbain)",81146,"https://www.data.gouv.fr/api/1/datasets/r/d9ea4b4a-0717-4a7d-bd14-054afa192457",
Hauts-de-France,Transport,"Réseau urbain TIC",64a70ced8461a94a70c32898,"https://transport.data.gouv.fr/datasets/donnees-theoriques-et-temps-reel-du-reseau-tic-urbain-communaute-dagglomeration-de-la-region-de-compiegne-et-de-la-basse-automne","Arrêts, horaires et parcours théoriques (GTFS) - réseau TIC (urbain)",81066,"https://www.data.gouv.fr/api/1/datasets/r/3a98dcdb-ca6e-40fc-8da9-09ab7f5661c9",
Hauts-de-France,Transport,"Réseau urbain Pastel",677fb566e481169b7886b307,"https://transport.data.gouv.fr/datasets/bus-pastel-saint-quentin","gtfs-20250103-154107-sqm.zip",82704,"https://www.data.gouv.fr/api/1/datasets/r/42e3ea9d-251e-47c1-988d-f7227f0e2d0f",
Hauts-de-France,Transport,"Réseau urbain TUC",642d3a69aef912ff2c151122,"https://transport.data.gouv.fr/datasets/donnees-gtfs-reseau-tuc-communaute-dagglomeration-de-cambrai","rhdf-gtfs-cac-tuc-7-.zip 2025-2026",80751,"https://www.data.gouv.fr/api/1/datasets/r/d00d1684-6980-4f84-ac38-363b6f058a68",
Hauts-de-France,Transport,"Réseau urbain CA2BM",685cf81c5dac32ff8e0b7cee,"https://transport.data.gouv.fr/datasets/reseau-ca2bm-a-compter-du-1er-juin-2025","CA2BM-Lignes-Regulieres_V6-Modif-arret-MAYVILLAGE_gtfs_2025-06-26_08-15-46.zip",83315,"https://www.data.gouv.fr/api/1/datasets/r/db348d20-dc9a-48c7-8120-30afa160a921",
Hauts-de-France,Transport,"Réseau urbain BAAG",6673e093cfce64c1c7d5820d,"https://transport.data.gouv.fr/datasets/regie-des-transports-baag-gtfs","Jeu données BAAG 03122024",82577,"https://www.data.gouv.fr/api/1/datasets/r/0a10e218-937c-4795-b9e7-c81533a38446",
Hauts-de-France,Transport,"Réseau urbain Arc-en-ciel - Périmètre Caudrésis-Catésis",68c28089c27ce940258e2133,"https://transport.data.gouv.fr/datasets/gtfs-reseau-arc-en-ciel-secteur-nord-perimetre-caudresis-catesis","Fichier GFTS - Réseau Hauts-de-France - Secteur Caudrésis-Catésis",83396,"https://www.data.gouv.fr/api/1/datasets/r/48be17b9-ac1d-48c2-b7c8-58afa1bc41d0",
Hauts-de-France,Transport,"Réseau urbain TUS",6463942ce3a92aed14633d70,"https://transport.data.gouv.fr/datasets/transports-urbains-soissonnais-tus","transports-urbains-soissonnais",82154,"https://www.data.gouv.fr/api/1/datasets/r/b66f3a43-2ba1-4b61-8459-439104582a92",
Hauts-de-France,Transport,"Réseau urbain Mobi",649404cdbf4319d37e474f98,"https://transport.data.gouv.fr/datasets/donnees-theoriques-et-temps-reel-du-reseau-mobi-communaute-de-communes-du-pays-de-valois","Arrêts, horaires et parcours théoriques (GTFS) - réseau Mobi",81058,"https://www.data.gouv.fr/api/1/datasets/r/ad0a4757-eb8a-4c06-b459-51442466d5c4",
Hauts-de-France,Transport,"Réseau urbain Fablio",634ff31de26a6d1a69f0752c,"https://transport.data.gouv.fr/datasets/gtfs-reseau-fablio-lignes-regulieres","GTFS-fablio-2025",81574,"https://www.data.gouv.fr/api/1/datasets/r/f56b6c9c-0a25-4d87-a1b1-4b108e3d0a22",
Hauts-de-France,Transport,"Réseau urbain Lyneo",6346d17f9892afa936386d93,"https://transport.data.gouv.fr/datasets/gtfs-du-reseau-lyneo","Données GTFS réseau de mobilité Lyneo",80221,"https://www.data.gouv.fr/api/1/datasets/r/6b80d2f2-ecd4-4b52-b481-c8b715ae8948",
Hauts-de-France,Transport,"Réseau urbain PassThelle Bus",64a714c26b6c9709cb559444,"https://transport.data.gouv.fr/datasets/donnees-theoriques-et-temps-reel-du-reseau-pass-thelle-bus-communaute-de-communes-thelloise","Arrêts, horaires et parcours théoriques (GTFS) - réseau Pass Thelle Bus",81068,"https://www.data.gouv.fr/api/1/datasets/r/44f6333d-58ab-4e0c-965e-5349d6d1cdcd",
Hauts-de-France,Transport,"Réseau urbain Sablons Bus",64a70ea48ac48fd73181d7e5,"https://transport.data.gouv.fr/datasets/donnees-theoriques-et-temps-reel-du-reseau-sablons-bus-communaute-de-communes-des-sablons","Arrêts, horaires et parcours théoriques (GTFS) - réseau Sablons Bus",81070,"https://www.data.gouv.fr/api/1/datasets/r/1364ed96-7246-4344-a04c-34bd06ef2b0c",
Hauts-de-France,Transport,"Réseau urbain et interurbain Aire’MOB",64a7294782315740773493bc,"https://transport.data.gouv.fr/datasets/donnees-theoriques-et-temps-reel-du-reseau-airemob-communaute-de-communes-de-laire-cantilienne","Arrêts, horaires et parcours théoriques (GTFS) - réseau Aire'MOB",81042,"https://www.data.gouv.fr/api/1/datasets/r/1f143621-2afa-4aa8-a958-d5399e709347",
Hauts-de-France,Transport,"Réseau urbain TUL",64182ba1498af95f76593f69,"https://transport.data.gouv.fr/datasets/horaires-theoriques-du-reseau-urbain-de-laon-tul-gtfs","GTFS - horaires théoriques réseau TUL - CA du Pays de Laon (CAPL)",80707,"https://www.data.gouv.fr/api/1/datasets/r/ab24abac-0a10-4695-9d4d-c0df885b1970",
Hauts-de-France,Transport,"Réseau urbain TOHM",64a80c10c56f9928b3f98d8f,"https://transport.data.gouv.fr/datasets/donnees-theoriques-et-temps-reel-du-reseau-tohm-communaute-de-communes-des-pays-doise-et-dhalatte","Arrêts, horaires et parcours théoriques (GTFS) - réseau TOHM",81034,"https://www.data.gouv.fr/api/1/datasets/r/6fdd303a-7b76-4742-b877-d0923c59505b",
Hauts-de-France,Transport,"Réseau urbain Lib'Bus",64a825cc960362ee03ac5340,"https://transport.data.gouv.fr/datasets/donnees-theoriques-et-temps-reel-du-reseau-libbus-communaute-de-communes-du-pays-noyonnais","Arrêts, horaires et parcours théoriques (GTFS) - réseau Lib'Bus",81054,"https://www.data.gouv.fr/api/1/datasets/r/3074dfb5-2209-44b4-891a-a86694ecaeec",
Hauts-de-France,Transport,"Réseau urbain Villéo Retzéo",65e72f6f6bad2a3cc278acb9,"https://transport.data.gouv.fr/datasets/donnees-de-mobilite","gtfs-20250108-085353-villeo.zip",82689,"https://www.data.gouv.fr/api/1/datasets/r/39bc7064-a387-4eef-9fb3-05fe3c00782b",
Hauts-de-France,Transport,"Réseau urbain Le Bus",64a717392b51b69db1b44220,"https://transport.data.gouv.fr/datasets/donnees-theoriques-et-temps-reel-du-reseau-le-bus-communaute-de-communes-du-clermontois","Arrêts, horaires et parcours théoriques (GTFS) - réseau Le Bus",81056,"https://www.data.gouv.fr/api/1/datasets/r/960fa36a-d183-4140-ae64-462d92a06eb8",
Hauts-de-France,Transport,"Réseau urbain Hoplà",659eb61087e7a31564db6157,"https://transport.data.gouv.fr/datasets/donnees-theoriques-du-reseau-hopla-communaute-de-communes-de-la-plaine-destrees","Arrêts, horaires et parcours théoriques (GTFS) - réseau Hoplà",81519,"https://www.data.gouv.fr/api/1/datasets/r/b892a9c7-eda3-4d95-a70b-89b2391e81b0",
Grand Est,Transport,"Réseau interurbain Fluo Grand-Est - Ardennes (08)",63b4c3d206d317f5caa80dcb,"https://transport.data.gouv.fr/datasets/offre-de-transport-du-reseau-fluo-grand-est-ardennes-08","Horaires théoriques du réseau Fluo Grand Est dans les Ardennes (GTFS)",80413,"https://www.data.gouv.fr/api/1/datasets/r/e63ae9f2-d626-45e9-90a1-7b6a6f4cd67d",
Grand Est,Transport,"Réseau interurbain Fluo Grand-Est - Aube (10)",63b4c3d25a09dd67fc9dde9b,"https://transport.data.gouv.fr/datasets/offre-de-transport-du-reseau-fluo-grand-est-aube-10","Horaires théoriques du réseau Fluo Grand Est dans l'Aube (GTFS)",80415,"https://www.data.gouv.fr/api/1/datasets/r/2ce06418-a5f3-4c93-97ac-5e24bfb29ec7",
Grand Est,Transport,"Réseau interurbain Fluo Grand-Est - Bas-Rhin (67)",63b4c3d306d317f5caa80dcf,"https://transport.data.gouv.fr/datasets/offre-de-transport-du-reseau-fluo-grand-est-bas-rhin-67","Horaires théoriques du réseau Fluo Grand Est dans le Bas-Rhin (GTFS)",80417,"https://www.data.gouv.fr/api/1/datasets/r/d1bbb896-bc90-4bc8-a991-64e524dfb7be",
Grand Est,Transport,"Réseau interurbain Fluo Grand-Est - Haute-Marne (52)",66a7bb5fa635ff6dd82ec2a5,"https://transport.data.gouv.fr/datasets/offre-de-transport-du-reseau-fluo-grand-est-haute-marne-52","Horaires théoriques du réseau Fluo Grand Est en Haute-Marne (GTFS)",81989,"https://www.data.gouv.fr/api/1/datasets/r/0853d94f-0bb8-4e49-93ac-d7569011f6bf",
Grand Est,Transport,"Réseau interurbain Fluo Grand-Est - Haut-Rhin (68)",63b4c3d374694a83b49dde9d,"https://transport.data.gouv.fr/datasets/offre-de-transport-du-reseau-fluo-grand-est-haut-rhin-68","Horaires théoriques du réseau Fluo Grand Est dans le Haut-Rin (GTFS)",80419,"https://www.data.gouv.fr/api/1/datasets/r/2ac8366b-837e-417c-a48d-c4d7eb7e0c63",
Grand Est,Transport,"Réseau interurbain Fluo Grand-Est - Marne (51)",63b4c3d2998fd84635a80dc8,"https://transport.data.gouv.fr/datasets/offre-de-transport-du-reseau-fluo-grand-est-marne-51","Horaires théoriques du réseau Fluo Grand Est dans la Marne (GTFS)",80421,"https://www.data.gouv.fr/api/1/datasets/r/1785729b-ae91-446a-9fec-2936f20e3185",
Grand Est,Transport,"Réseau interurbain Fluo Grand-Est - Meurthe-et-Moselle (54)",63b4c3d274694a83b49dde9b,"https://transport.data.gouv.fr/datasets/offre-de-transport-du-reseau-fluo-grand-est-meurthe-et-moselle-54","Horaires théoriques du réseau Fluo Grand Est en Meurthe-et-Moselle (GTFS)",80423,"https://www.data.gouv.fr/api/1/datasets/r/02d8c64b-734e-4e37-ace7-50fbfa5d5298",
Grand Est,Transport,"Réseau interurbain Fluo Grand-Est - Meuse (55)",63b4c3d35e8da006139dde9c,"https://transport.data.gouv.fr/datasets/offre-de-transport-du-reseau-fluo-grand-est-meuse-55","Horaires théoriques du réseau Fluo Grand Est dans la Meuse (GTFS)",80425,"https://www.data.gouv.fr/api/1/datasets/r/50558632-9438-4bec-a8c9-857e1eaf74c8",
Grand Est,Transport,"Réseau interurbain Fluo Grand-Est - Moselle (57)",63b4c3d200fbf8e5ed9dde9c,"https://transport.data.gouv.fr/datasets/offre-de-transport-du-reseau-fluo-grand-est-moselle-57","Horaires théoriques du réseau Fluo Grand Est en Moselle (GTFS)",80427,"https://www.data.gouv.fr/api/1/datasets/r/42be7185-b2a8-4d1e-80c4-f7c402655260",
Grand Est,Transport,"Réseau interurbain Fluo Grand-Est - Vosges (88)",63b4c3d3d7857ab0c49dde9d,"https://transport.data.gouv.fr/datasets/offre-de-transport-du-reseau-fluo-grand-est-vosges-88","Horaires théoriques du réseau Fluo Grand Est dans les Vosges (GTFS)",80429,"https://www.data.gouv.fr/api/1/datasets/r/cd29ccfd-df2b-4239-a6d2-567813b32346",
Grand Est,Transport,"Réseau urbain CTS",5ae1715488ee384c8ba0342b,"https://transport.data.gouv.fr/datasets/donnees-theoriques-gtfs-et-temps-reel-siri-lite-du-reseau-cts","Données théoriques (GTFS)",79220,"https://www.data.gouv.fr/api/1/datasets/r/eeea9e52-4f8a-459e-aef5-a093a3b05356",
Grand Est,Transport,"Réseau urbain Grand Reims Mobilités",63b4c3d200fbf8e5ed9dde9a,"https://transport.data.gouv.fr/datasets/offre-de-transport-du-reseau-grand-reims-mobilites-communaute-urbaine-du-grand-reims","fluo-grand-est-rei-gtfs.zip",80594,"https://www.data.gouv.fr/api/1/datasets/r/2b928243-523d-42c5-8cf3-77176c0247f6",
Grand Est,Transport,"Réseau urbain Solea",63b4c3d300fbf8e5ed9dde9e,"https://transport.data.gouv.fr/datasets/fr-200052264-t0014-0000-1","fluo-grand-est-sitram-gtfs.zip",80787,"https://www.data.gouv.fr/api/1/datasets/r/4527e0e2-0e5b-4a1b-b250-d5269e0d5819",
Grand Est,Transport,"Réseau urbain Soléa",63c02bbf4059d43863de0c81,"https://transport.data.gouv.fr/datasets/offre-de-transport-solea-et-tram-train-en-format-gtfs-1","Offre de Transport Soléa et Tram-Train en format GTFS",80492,"https://www.data.gouv.fr/api/1/datasets/r/7db50c2d-3fe4-4d3d-9942-57ac37c93a8d",
Grand Est,Transport,"Réseau urbain Stan",5aa94714c751df666fefc80f,"https://transport.data.gouv.fr/datasets/arrets-horaires-et-parcours-theoriques-du-reseau-stan-gtfs","Arrêts, horaires et parcours au format GTFS ",81346,"https://www.data.gouv.fr/api/1/datasets/r/22ff00b8-aa07-4f01-af47-8f198964bb1a",
Grand Est,Transport,"Réseau urbain SUB - Nancy",63b4c3d300fbf8e5ed9dde9d,"https://transport.data.gouv.fr/datasets/fr-200052264-t0039-0000-1","fluo-grand-est-lesub-gtfs.zip",80431,"https://www.data.gouv.fr/api/1/datasets/r/81deae28-2805-4d89-89e3-458c98eb6c5d",
Grand Est,Transport,"Réseau urbain Le Met'",546609c1c751df1a6f6c8d07,"https://transport.data.gouv.fr/datasets/fichiers-gtfs-eurometropole-de-metz","Transport - Données GTFS LEMET",80725,"https://www.data.gouv.fr/api/1/datasets/r/92af6161-1b1a-4e0b-8f60-d97f213d993a",
Grand Est,Transport,"Réseau urbain Citéline",63b4c3d106d317f5caa80dca,"https://transport.data.gouv.fr/datasets/offre-de-transport-du-reseau-temob-syndicat-mixte-des-transports-urbains-thionville-fensch","fluo-grand-est-citeline-gtfs.zip",80459,"https://www.data.gouv.fr/api/1/datasets/r/f30a3b64-a902-4e7e-981c-d1f6caad933a",
Grand Est,Transport,"Réseau urbain TCAT",5c0933e88b4c4177a394acd1,"https://transport.data.gouv.fr/datasets/donnees-tcat-troyes-champagne-metropole-1","gtfs.zip",79747,"https://transport.data.gouv.fr/resources/79747/download",
Grand Est,Transport,"Réseau urbain TCAT",5c0933e88b4c4177a394acd1,"https://transport.data.gouv.fr/datasets/donnees-tcat-troyes-champagne-metropole-1","gtfs-navineo.zip",79847,"https://transport.data.gouv.fr/resources/79847/download",
Grand Est,Transport,"Réseau urbain TAC",63b4c3d206d317f5caa80dcd,"https://transport.data.gouv.fr/datasets/fr-200052264-t0002-0000-1","fluo-grand-est-chm-gtfs.zip",80451,"https://www.data.gouv.fr/api/1/datasets/r/cd55107e-671d-43f9-92bd-2e5360405e30",
Grand Est,Transport,"Réseau urbain TRACE",63b4c3d206d317f5caa80dce,"https://transport.data.gouv.fr/datasets/fr-200052264-t0004-0000-1","fluo-grand-est-cac-gtfs.zip",80479,"https://www.data.gouv.fr/api/1/datasets/r/6a0c9cc9-d65e-49fc-a3a9-41f3d2e343b5",
Grand Est,Transport,"Réseau urbain Imagine",63b4c3d2998fd84635a80dcb,"https://transport.data.gouv.fr/datasets/fr-200052264-t0009-0000-1","fluo-grand-est-imagine-gtfs.zip",80461,"https://www.data.gouv.fr/api/1/datasets/r/eef26fe9-7ebd-4ea9-8b16-dcb59b90766e",
Grand Est,Transport,"Réseau urbain Ritmo",63b4c3d2d7857ab0c49dde9c,"https://transport.data.gouv.fr/datasets/fr-200052264-t0008-0000-1","fluo-grand-est-haguenau-gtfs.zip",80449,"https://www.data.gouv.fr/api/1/datasets/r/2a30dd89-438e-40e5-bc27-0f9173f11f95",
Grand Est,Transport,"Réseau urbain Ritmo",619fb0437825b8a16e2bdf44,"https://transport.data.gouv.fr/datasets/horaires-theoriques-et-temps-reel-du-reseau-ritmo-haguenau-gtfs-gtfs-rt","Horaires temps-réel du réseau Ritmo -Haguenau (GTFS)",79014,"https://www.data.gouv.fr/api/1/datasets/r/8df46b2d-1be4-4a84-a227-bc2c61af97ca",
Grand Est,Transport,"Réseau urbain SITAC",63b4c3d2d7857ab0c49dde9b,"https://transport.data.gouv.fr/datasets/fr-200052264-t0005-0000-1","fluo-grand-est-cec-gtfs.zip",80457,"https://www.data.gouv.fr/api/1/datasets/r/6c872029-400d-4946-a92c-01a8a13e4dda",
Grand Est,Transport,"Réseau urbain Lunéo",5f96eb173872ca11a2acda3b,"https://transport.data.gouv.fr/datasets/horaires-theoriques-et-temps-reel-du-reseau-luneo-gtfs-gtfs-rt","gtfs-luneo.zip",73310,"https://www.data.gouv.fr/api/1/datasets/r/2be619cf-5240-4679-ba3f-57f09f6156cb",
Grand Est,Transport,"Réseau urbain Forbus",63b4c3d255130e7bb19dde9a,"https://transport.data.gouv.fr/datasets/fr-200052264-t0007-0000-1","fluo-grand-est-forbus-gtfs.zip",80467,"https://www.data.gouv.fr/api/1/datasets/r/6dd5ba5d-370e-4320-a7b7-8c5bb388d135",
Grand Est,Mixte,"Réseau urbain TGL",664f4eefa1d5dcbfa43655d9,"https://transport.data.gouv.fr/datasets/horaires-theoriques-du-reseau-tgl","Septembre 2025",83210,"https://www.data.gouv.fr/api/1/datasets/r/8a839ea6-21f5-4503-a8e1-05fe0fd2aa8e",
Grand Est,Transport,"Réseau urbain Le Fil",63b4c3d25a09dd67fc9dde9d,"https://transport.data.gouv.fr/datasets/fr-200052264-t0038-0000-1","fluo-grand-est-lefil-gtfs.zip",80445,"https://www.data.gouv.fr/api/1/datasets/r/3dbac712-11da-4661-b10e-fd8fab435700",
Grand Est,Transport,"Réseau urbain Sylvia",63b4c3d355130e7bb19dde9d,"https://transport.data.gouv.fr/datasets/fr-200052264-t0016-0000-1","fluo-grand-est-deobus-gtfs.zip",80453,"https://www.data.gouv.fr/api/1/datasets/r/f7a3c744-c717-4ae9-a5f7-b48873a9e82a",
Grand Est,Transport,"Réseau urbain CABUS",63b4c3d25e8da006139dde9a,"https://transport.data.gouv.fr/datasets/fr-200052264-t0001-0000-1","fluo-grand-est-cabus-gtfs.zip",80469,"https://www.data.gouv.fr/api/1/datasets/r/5ddec6c5-51b5-40ab-8805-9ca2dc5c98ec",
Grand Est,Transport,"Réseau urbain Distribus",63b4c3d22989785f7e9dde9d,"https://transport.data.gouv.fr/datasets/fr-200052264-t0017-0000-1","fluo-grand-est-cc3f-gtfs.zip",80437,"https://www.data.gouv.fr/api/1/datasets/r/e90de03b-0247-444e-8d4d-ca557770b60f",
Grand Est,Transport,"Réseau urbain Ticéa",63b4c3d274694a83b49dde9c,"https://transport.data.gouv.fr/datasets/fr-200052264-t0010-0000-1","fluo-grand-est-sdz-gtfs.zip",80477,"https://www.data.gouv.fr/api/1/datasets/r/473e63bc-ff9b-44f7-95c0-e18f1935622c",
Grand Est,Transport,"Réseau urbain Transavold",63b4c3d25a09dd67fc9dde9a,"https://transport.data.gouv.fr/datasets/fr-200052264-t0015-0000-1","fluo-grand-est-transavold-gtfs.zip",82413,"https://www.data.gouv.fr/api/1/datasets/r/48cab21c-c6a5-4186-a4b5-53d61f03a2b8",
Grand Est,Transport,"Réseau urbain Mouvéo",63b4c3d32989785f7e9dde9e,"https://transport.data.gouv.fr/datasets/fr-200052264-t0012-0000-1","fluo-grand-est-epy-gtfs.zip",80443,"https://www.data.gouv.fr/api/1/datasets/r/92ec059b-baf8-4afe-97fb-7c6ddccb9e86",
Grand Est,Transport,"Réseau urbain Riv'Connect",68774bead800132d17a4e0d9,"https://transport.data.gouv.fr/datasets/offre-de-transport-du-reseau-de-la-communaute-de-communes-rives-de-moselle","Horaires théoriques du réseau de la Communauté de Communes Rives de Moselle (GTFS)",83277,"https://www.data.gouv.fr/api/1/datasets/r/2b621a71-38f5-4550-b7c2-0a1a6d8f0b45",
Grand Est,Transport,"Réseau urbain Isibus",63b4c3d255130e7bb19dde9b,"https://transport.data.gouv.fr/datasets/fr-200052264-t0026-0000-1","fluo-grand-est-isibus-gtfs.zip",80447,"https://www.data.gouv.fr/api/1/datasets/r/4b966be4-6da0-4920-a55c-5341ec8876e9",
Grand Est,Transport,"Réseau urbain Colibri",63b4c3d25c38a3ee979dde9c,"https://transport.data.gouv.fr/datasets/fr-200052264-t0027-0000-1","fluo-grand-est-movia-gtfs.zip",80463,"https://www.data.gouv.fr/api/1/datasets/r/8cd2d76d-5db3-4b80-8bed-614af4ef3c50",
Grand Est,Transport,"Réseau urbain Linggo En Ville",63b4c3d25c38a3ee979dde9b,"https://transport.data.gouv.fr/datasets/offre-de-transport-du-reseau-linggo-en-ville-petr-du-pays-de-langres","fluo-grand-est-lan-gtfs.zip",80403,"https://www.data.gouv.fr/api/1/datasets/r/56a0a326-549a-4d50-bfa0-11138946e064",
Grand Est,Transport,"Réseau urbain Le SIT",63b4c3d25e8da006139dde9b,"https://transport.data.gouv.fr/datasets/fr-200052264-t0022-0000-1","fluo-grand-est-lesit-gtfs.zip",80475,"https://www.data.gouv.fr/api/1/datasets/r/c9107337-b07c-45cf-8d99-179783c02c4b",
Grand Est,Transport,"Réseau urbain Le Bus",63b4c3d2998fd84635a80dca,"https://transport.data.gouv.fr/datasets/fr-200052264-t0023-0000-1","fluo-grand-est-lebus-gtfs.zip",80465,"https://www.data.gouv.fr/api/1/datasets/r/f6135ec3-0969-4ba1-bf35-69dfd75799cf",
Grand Est,Transport,"Réseau urbain TUB",63b4c3d35e8da006139dde9d,"https://transport.data.gouv.fr/datasets/fr-200052264-t0003-0000-1","fluo-grand-est-tub-gtfs.zip",80441,"https://www.data.gouv.fr/api/1/datasets/r/46055750-4ab2-46f1-b4cf-83900bc071b8",
Grand Est,Transport,"Réseau urbain ELSA",63b4c3d35a09dd67fc9dde9e,"https://transport.data.gouv.fr/datasets/offre-de-transport-du-reseau-elsa-petr-selestat-alsace-centrale","fluo-grand-est-ccselestat-gtfs.zip",80401,"https://www.data.gouv.fr/api/1/datasets/r/e8c2e6a9-d7f3-4c42-82c9-f7366dd79023",
Grand Est,Transport,"La Navette de la CC Sel et Vermois",63b4c3d206d317f5caa80dcc,"https://transport.data.gouv.fr/datasets/offre-de-transport-du-reseau-de-la-communaute-de-communes-des-pays-du-sel-et-du-vermois","Horaires théoriques de la navette de Sel et Vermois (GTFS)",82907,"https://www.data.gouv.fr/api/1/datasets/r/ac0e614d-900e-4a68-9af4-e00bc5c92a61",
Grand Est,Transport,"Réseau urbain T'MM",63b4c3d22989785f7e9dde9c,"https://transport.data.gouv.fr/datasets/fr-200052264-t0025-0000-1","fluo-grand-est-tmm-gtfs.zip",82388,"https://www.data.gouv.fr/api/1/datasets/r/b7c8040c-9018-4323-a87d-d7539d68bd5e",
Grand Est,Transport,"Réseau urbain Cmonbus",63b4c3d22989785f7e9dde9a,"https://transport.data.gouv.fr/datasets/fr-200052264-t0006-0000-1","fluo-grand-est-cht-gtfs.zip",80410,"https://www.data.gouv.fr/api/1/datasets/r/930b3420-d1b4-437c-8e93-58865b750d18",
Grand Est,Transport,"Réseau urbain Neobus",6336e373c213575294234b26,"https://transport.data.gouv.fr/datasets/horaires-theoriques-du-reseau-neobus-communaute-de-communes-de-louest-vosgien-gtfs","gtfs-sadapnfc-neobus.zip",79814,"https://www.data.gouv.fr/api/1/datasets/r/e25586ac-9c14-4872-b00e-e66cd23d4413",
Grand Est,Transport,"Réseau urbain Pass'O",63b4c3d106d317f5caa80dc9,"https://transport.data.gouv.fr/datasets/fr-200052264-t0041-0000-1","fluo-grand-est-obernai-gtfs.zip",80439,"https://www.data.gouv.fr/api/1/datasets/r/16793463-96f4-43d4-86b8-1db036e97cdc",
Grand Est,Transport,"Réseau urbain TUM",63b4c3d25a09dd67fc9dde9c,"https://transport.data.gouv.fr/datasets/fr-200052264-t0030-0000-1","fluo-grand-est-smd-gtfs.zip",80471,"https://www.data.gouv.fr/api/1/datasets/r/40c9e092-7447-430b-8dc0-8e646af8a999",
Grand Est,Transport,"Réseau urbain Rezo",63b4c3d255130e7bb19dde9c,"https://transport.data.gouv.fr/datasets/fr-200052264-t0011-0000-1","fluo-grand-est-tiv-gtfs.zip",80772,"https://www.data.gouv.fr/api/1/datasets/r/121181fc-e848-420a-8fda-50ba3201e9fa",
Pays de la Loire,Transport,"Agrégat des réseaux urbains et interurbains de la Région Pays de la Loire",632b2a8a8bf5b436bed4f8df,"https://transport.data.gouv.fr/datasets/arrets-horaires-et-circuits-des-lignes-de-transports-en-commun-en-pays-de-la-loire-gtfs-destineo-reseaux-aom-aleop-1","GTFS Destineo Pays de la Loire",79818,"https://www.data.gouv.fr/api/1/datasets/r/c0bd9ff1-97f9-43f8-aca4-8e80d7728324",
Pays de la Loire,Transport,"Bacs de Loire en Loire-Atlantique (44)",60235ae2071b4e4c927a57de,"https://transport.data.gouv.fr/datasets/horaires-des-bacs-de-loire-en-loire-atlantique-gtfs","224400028_horaires-bacs-loire-en-loire-atlantique-gtfs.csv",83017,"https://www.data.gouv.fr/api/1/datasets/r/9a48af10-9213-4852-95a9-90f26dac0296",
Pays de la Loire,Transport,"Réseaux interurbains Aléop - Pays de la Loire",632b2c56696ec36c7f4811c8,"https://transport.data.gouv.fr/datasets/arrets-horaires-et-circuits-des-lignes-de-transports-aleop-1","GTFS Aléop",80721,"https://www.data.gouv.fr/api/1/datasets/r/916752e4-5daa-48bd-8bc1-4dd8d64f1d4a",
Pays de la Loire,Transport,"Réseau urbain Naolib",685d9000ec5a7481ab634360,"https://transport.data.gouv.fr/datasets/reseau-de-transports-collectifs-naolib","gtfs.zip",83251,"https://www.data.gouv.fr/api/1/datasets/r/a18d5977-ca80-4712-a9cf-1a555feb2621",
Pays de la Loire,Transport,"Réseau urbain Irigo",6178cee254e3b3f0744a1318,"https://transport.data.gouv.fr/datasets/angers-loire-metropole-reseau-irigo-gtfs-gtfs-rt-siri","irigo-angers-gtfs",80036,"https://www.data.gouv.fr/api/1/datasets/r/32f30b64-33f7-43bb-9b6f-34c21c2f83a3",
Pays de la Loire,Transport,"Réseau urbain SETRAM",5acb75f0c751df341652c886,"https://transport.data.gouv.fr/datasets/gtfs-du-reseau-des-transports-bus-et-tramway-setram-circulant-sur-le-territoire-le-mans-metropole","gtfs-setram-lmm.zip",79601,"https://www.data.gouv.fr/api/1/datasets/r/5339d96c-6d20-4a01-939a-40f7b56d6cc1",
Pays de la Loire,Transport,"Réseau urbain TUL",5bc493d08b4c416c84a69500,"https://transport.data.gouv.fr/datasets/offre-de-transport-du-reseau-de-laval-agglomeration-gtfs","Données Théoriques (GTFS Réseau TUL LAVAL)",81018,"https://www.data.gouv.fr/api/1/datasets/r/bd780aef-b3c5-405a-8450-8365a7a0c315",
Pays de la Loire,Transport,"Réseau urbain Illygo",638a2bd69c7bba6c44d36efa,"https://transport.data.gouv.fr/datasets/reseau-urbain-illygo","Données théoriques au format GTFS",80586,"https://www.data.gouv.fr/api/1/datasets/r/024123a0-8665-4983-90bd-134ef7d70383",
Pays de la Loire,Transport,"Réseau urbain Choletbus",6294d9e0a420a2eb83a6c3b6,"https://transport.data.gouv.fr/datasets/horaires-theoriques-reseau-choletbus","gtfs.zip",79352,"https://www.data.gouv.fr/api/1/datasets/r/71e8ee8e-0b55-40a1-a297-21ef89aba4dc",
Pays de la Loire,Transport,"Réseau urbain Ogalo",6570a9e69397be0c85147efe,"https://transport.data.gouv.fr/datasets/lignes-arrets-et-horaires-theorique-du-reseau-de-transport-gtfs-netex-saumur-val-de-loire-agglomeration","GTFS Saumur Val de Loire ",81416,"https://www.data.gouv.fr/api/1/datasets/r/4c73f3c1-7f5a-4e38-b97d-75471bd47048",
Pays de la Loire,Transport,"Réseau urbain Impulsyon",5f11962cc694e04ea707f124,"https://transport.data.gouv.fr/datasets/reseau-de-transport-impulsyon-a-la-roche-sur-yon","GTFS Impulsyon",79520,"https://www.data.gouv.fr/api/1/datasets/r/735f1b54-94ee-4a21-b378-05c2b44ad70f",
Pays de la Loire,Transport,"Réseau urbain Lila Presqu'ile",5d783c2d9ce2e771eea1a626,"https://transport.data.gouv.fr/datasets/lignes-arrets-et-horaires-de-transport-pour-cap-atlantique-lila-presquile-gtfs","244400610_lila_presquile_telechargement_gtfs.csv",82446,"https://www.data.gouv.fr/api/1/datasets/r/674b81af-f224-4426-a184-af9b12d52da0",
Pays de la Loire,Transport,"Réseau maritime Yeu-Continent",60dbb68115ee71ae81f9ae1b,"https://transport.data.gouv.fr/datasets/arrets-horaires-et-circuit-de-la-lignes-yeu-continent-gtfs","https://app.mecatran.com/utw/ws/gtfsfeed/static/pdlYeuContinent?apiKey=2c715462180f36483d5f24340c706",82641,"https://www.data.gouv.fr/api/1/datasets/r/b57c66f2-ecaf-4934-a530-753bcb8aad04",
Pays de la Loire,Transport,"Réseau urbain Oléane",5e3836e88b4c41404eb3d9aa,"https://transport.data.gouv.fr/datasets/lignes-arrets-et-horaires-theorique-du-reseau-de-transport-gtfs-et-netex-les-sables-dolonne-agglomeration","Arrêts, horaires et circuits des lignes Oleane (GTFS - Les Sables d'Olonne Agglomération)",81421,"https://www.data.gouv.fr/api/1/datasets/r/d5920d40-ea72-4e22-b506-2ca583950282",
Pays de la Loire,Mixte,"Réseau urbain et scolaire STRAN",66fb3be4370262b757436db9,"https://transport.data.gouv.fr/datasets/yceo-arrets-horaires-et-lignes-urbaines-et-scolaires-gtfs-1","244400644_stran_telechargement_gtfs.csv",82693,"https://www.data.gouv.fr/api/1/datasets/r/79645e9e-1080-4038-a62b-5e4333de181a",
Pays de la Loire,Transport,"Réseau urbain Hilagobus et Gillobus",65d359cdddf78448b0329094,"https://transport.data.gouv.fr/datasets/transport-urbain","TU V2.0 01072025 30062026",82097,"https://www.data.gouv.fr/api/1/datasets/r/34972a83-5b0f-4f99-b9b7-19593a4c6e1d",
Pays de la Loire,Transport,"Réseau urbain May'bus",5cf8e07a6f44416c5d8fdc46,"https://transport.data.gouv.fr/datasets/horaires-theoriques-et-temps-reel-du-reseau-maybus-mayenne-gtfs-gtfs-rt","Horaires théoriques du réseau May'bus - Mayenne (GTFS)",12608,"https://www.data.gouv.fr/api/1/datasets/r/220e0fb8-fe04-4d99-9fca-cc812eaadfc3",
Pays de la Loire,Transport,"Réseau urbain Réso",60febcaaf6d99c72ca482ac4,"https://transport.data.gouv.fr/datasets/reseau-urbain-reso","Données théoriques au format GTFS",79537,"https://www.data.gouv.fr/api/1/datasets/r/2fc8108a-5b91-455a-8d10-1c938d360a9f",
Pays de la Loire,Transport,"Réseau urbain Brévibus",60a50049fb874038a79867df,"https://transport.data.gouv.fr/datasets/reseau-urbain-brevibus","Données théoriques au format GTFS",79151,"https://www.data.gouv.fr/api/1/datasets/r/b8d1007f-567e-48c4-9c40-bee205f1e688",
Pays de la Loire,Transport,"Réseau urbain Gratibus",63b53e19a1e9838a8de38bde,"https://transport.data.gouv.fr/datasets/noirmoutier-gratibus-gtfs-gtfs-rt","Noirmoutier Saison 2025",81924,"https://www.data.gouv.fr/api/1/datasets/r/ce6d5603-41cf-4fed-b93f-ed95859003b5",
Bretagne,Transport,"Agrégat des réseaux urbains et interurbains de Bretagne",65af92d12d38ceffacb04812,"https://transport.data.gouv.fr/datasets/base-de-donnees-multimodale-transports-publics-en-bretagne-korrigo-gtfs","KorriGo - Fichier GTFS",81559,"https://www.data.gouv.fr/api/1/datasets/r/8c7b32d0-6481-4bb8-b903-c50a04c72fec",
Nouvelle-Aquitaine,Transport,"Agrégat des réseaux urbains et interurbains de la région Nouvelle Aquitaine",6246416dbd6bdfe8bceb4ce1,"https://transport.data.gouv.fr/datasets/arrets-horaires-et-parcours-theoriques-des-reseaux-nva-mobilite-agreges-1","Offre transport NA Mobilités GTFS",82321,"https://www.data.gouv.fr/api/1/datasets/r/e09ee736-ae5e-48c8-ac13-3839e3f2f74a",
Nouvelle-Aquitaine,Transport,"Réseau urbain Tempo Bus",5ff729169eef497ad3507b9c,"https://transport.data.gouv.fr/datasets/agen-gtfs-urbain","agen-gtfs-urbain-rentree-septembre-2025",80245,"https://www.data.gouv.fr/api/1/datasets/r/c1415ff3-7457-4b51-aead-aacbf03a474e",
Nouvelle-Aquitaine,Transport,"Réseau urbain Elios",65b7d9a88e6a41d91aad26a1,"https://transport.data.gouv.fr/datasets/elios-transports-urbains-du-grand-villeneuvois","Données GTFS du réseau urbain Elios du Grand Villneuvois (septembre 2025)",82189,"https://www.data.gouv.fr/api/1/datasets/r/9248b0d3-3675-491b-8990-8058f0fdbcb5",
Nouvelle-Aquitaine,Transport,"Réseau urbain RespiRé",5dfcf2a4634f4110fc360457,"https://transport.data.gouv.fr/datasets/horaires-theoriques-et-temps-reel-du-reseau-respire-ile-de-re-gtfs-gtfs-rt","Horaires théoriques du réseau RespiRé - île de Ré (GTFS)",8597,"https://www.data.gouv.fr/api/1/datasets/r/f167d4d3-cd32-475b-a12f-0403534679e5",
Nouvelle-Aquitaine,Transport,"Réseau urbain Sarlat Bus",6373936546eacd272066a9cd,"https://transport.data.gouv.fr/datasets/horaires-theoriques-et-temps-reel-du-reseau-sarlatbus-gtfs-gtfs-rt","Horaires théoriques du réseau Sarlat'BUS (GTFS)",79992,"https://www.data.gouv.fr/api/1/datasets/r/f1119940-adc5-4d2e-af7d-5535e50da539",
Nouvelle-Aquitaine,Transport,"Réseau urbain Pybus",675465e5cb8ed4046fb125de,"https://transport.data.gouv.fr/datasets/gtfs-pybus-le-reseau-urbain-de-parthenay","Lien vers le GTFS du réseau urbain de Parthenay (PYBUS)",82619,"https://www.data.gouv.fr/api/1/datasets/r/95654461-59d1-4a33-8830-f90d55e8a217",
Occitanie,Transport,"Réseau interurbain liO Occitanie",647148f898aadb3cec613674,"https://transport.data.gouv.fr/datasets/reseau-lio-occitanie","GTFS liO",81026,"https://www.data.gouv.fr/api/1/datasets/r/d747fe79-2915-4cdd-8cc5-51a810baaca5",
Occitanie,Transport,"Réseau urbain Tisséo",56b0c2fba3a7294d39b88a86,"https://transport.data.gouv.fr/datasets/tisseo-offre-de-transport-gtfs","UTF-8tisseo_gtfs_v2.zip",81678,"https://www.data.gouv.fr/api/1/datasets/r/64318177-f5b5-4144-a6be-2d0f22d26c77",
Occitanie,Transport,"Réseau urbain et suburbain TaM",5c3370ac634f412dc7448ab3,"https://transport.data.gouv.fr/datasets/offre-de-transport-de-montpellier-mediterranee-metropole-tam-gtfs","Offre de transport TAM en GTFS",62323,"https://www.data.gouv.fr/api/1/datasets/r/2ef043c8-3b10-4d87-af5f-65fead127407",
Occitanie,Transport,"Réseau urbain TaM",662ba9a3f7d9ff84a3060d0a,"https://transport.data.gouv.fr/datasets/offre-de-transport-tam-en-temps-reel-gtfs-rt-urbain","Horaires de référence (GTFS)",81754,"https://www.data.gouv.fr/api/1/datasets/r/350c3f75-226e-4570-960a-dec2144926b6",
Occitanie,Transport,"Réseau urbain et scolaire Sankéo",615fd9d5bbb0c1c35fe86fe3,"https://transport.data.gouv.fr/datasets/gtfs-sankeo","Réseau Sankéo - Lignes Régulières",82900,"https://www.data.gouv.fr/api/1/datasets/r/3047f942-98f0-4d4c-92cf-7c5de1fe233c",
Occitanie,Transport,"Réseau urbain Tango",5c642379634f41657e9b5ea4,"https://transport.data.gouv.fr/datasets/offre-de-transport-du-reseau-tango-de-nimes-metropole-gtfs-gtfs-rt","gtfs-production.zip",82911,"https://www.data.gouv.fr/api/1/datasets/r/15aeb8a5-1cca-4bb9-ae5f-b6e67e4ff2ab",
Occitanie,Transport,"Réseau urbain Alesy",5cdbefd68b4c41178efda275,"https://transport.data.gouv.fr/datasets/horaires-theoriques-des-lignes-urbaines-et-interurbaines-sur-le-reseau-alesy-gtfs","GTFS du réseau Ales'y",75062,"https://www.data.gouv.fr/api/1/datasets/r/b9a0f32e-4386-454c-8759-b82653fa861e",
Occitanie,Transport,"Réseau urbain et interurbain du Grand Narbonne",667e891f8e6b8d7da738991c,"https://transport.data.gouv.fr/datasets/offre-de-transport-communaute-dagglomeration-le-grand-narbonne","GTFS Grand Narbonne",82661,"https://www.data.gouv.fr/api/1/datasets/r/21ca2b77-505b-4c4c-9154-a044e61b8560",
Occitanie,Transport,"Réseau urbain beeMob",5b6c30668b4c412a8de5191e,"https://transport.data.gouv.fr/datasets/horaires-theoriques-et-temps-reel-du-reseau-de-transports-beemob-beziers-mediterranee","BeeMob - Offre théorique au format GTFS",83368,"https://www.data.gouv.fr/api/1/datasets/r/c1581a3a-0b78-4944-905c-a8530206648a",
Occitanie,Transport,"Réseau urbain TLP",66a90f08e6c2ab26341817a9,"https://transport.data.gouv.fr/datasets/gtfs-3","GTFS",83134,"https://www.data.gouv.fr/api/1/datasets/r/84f7501c-de7b-46d9-8e0c-14c30d9fa58b",
Occitanie,Transport,"Réseau urbain Sète Agglopole Mobilité",5be9ad1c634f4170501cf093,"https://transport.data.gouv.fr/datasets/reseau-bus-sete-agglopole-mobilite","Horaires théoriques du réseau de bus de Sète agglopôle méditerranée",81575,"https://www.data.gouv.fr/api/1/datasets/r/9402f130-ac11-4615-8494-a5c84fcdb78c",
Occitanie,Transport,"Réseau urbain RTCA",6661b213e00b47a6f617e471,"https://transport.data.gouv.fr/datasets/reseau-rtca","gtfs.zip",81876,"https://www.data.gouv.fr/api/1/datasets/r/941123b0-004e-4f48-81e7-8c62fb4f07aa",
Occitanie,Transport,"Réseau urbain Transports Montalbanais",5ab2376488ee383b60034880,"https://transport.data.gouv.fr/datasets/gtfs-de-la-societe-de-transport-urbain-du-grand-montauban-semtm","gtfs-2025-2026.zip",82434,"https://www.data.gouv.fr/api/1/datasets/r/f37827ec-b14c-40de-8a21-3f459b649c8a",
Occitanie,Transport,"Réseau urbain du Grand Albigeois",5d2352ad634f41602cdc8d8a,"https://transport.data.gouv.fr/datasets/offre-de-transports-du-grand-albigeois-gtfs","libea-reseau-urbain.zip",79687,"https://www.data.gouv.fr/api/1/datasets/r/eff42667-b36b-4334-bc44-6cf620f90cbf",
Occitanie,Transport,"Réseau urbain du Grand Albigeois",5d2352ad634f41602cdc8d8a,"https://transport.data.gouv.fr/datasets/offre-de-transports-du-grand-albigeois-gtfs","libea-reseau-periurbain",81522,"https://www.data.gouv.fr/api/1/datasets/r/79bc8313-3499-4bb3-a809-a8d80b44000a",
Occitanie,Transport,"Réseau urbain du Grand Albigeois",5d2352ad634f41602cdc8d8a,"https://transport.data.gouv.fr/datasets/offre-de-transports-du-grand-albigeois-gtfs","libea-navettes.zip",79728,"https://www.data.gouv.fr/api/1/datasets/r/15878ceb-7c8f-4546-bb0f-c540a15f2188",
Occitanie,Transport,"Réseau urbain La Navette (Gaillac)",6585afbaa8b731f1c930a65a,"https://transport.data.gouv.fr/datasets/reseau-urbain-la-navette-commune-de-gaillac","gtfs-gaillac.zip",82583,"https://www.data.gouv.fr/api/1/datasets/r/d0579894-2c5a-42c1-a44c-d550af952f49",
Occitanie,Transport,"Réseau urbain La Navette (Graulhet)",65a4f884b0e2cd38c17e8bc2,"https://transport.data.gouv.fr/datasets/reseau-urbain-la-navette-commune-de-graulhet","gtfs_graulhet",82584,"https://www.data.gouv.fr/api/1/datasets/r/257e5818-a7cc-49a4-8ad1-3e84827e6458",
Occitanie,Transport,"Réseau urbain Le Passe Pont",65a4f5a84d649fda617ad0dd,"https://transport.data.gouv.fr/datasets/reseau-urbain-le-passe-pont-communes-de-couffouleux-et-de-rabastens","gtfs-passe-pont.zip",82196,"https://www.data.gouv.fr/api/1/datasets/r/6f4deabd-1cad-435c-8915-235132d74291",
Occitanie,Transport,"Réseau urbain Lislenbus",65a4fa6dbd904e3c79af4c7a,"https://transport.data.gouv.fr/datasets/reseau-urbain-lislenbus-commune-de-lisle-sur-tarn","lislenbus-lislesurtarn.zip",81535,"https://www.data.gouv.fr/api/1/datasets/r/75f3dd86-0840-445a-92a6-b329bdc61e0c",
Occitanie,Transport,"Réseau urbain Cap’Bus",5f1550566f83946237e2684c,"https://transport.data.gouv.fr/datasets/gtfs-capbus","GTFS CapBus",64163,"https://www.data.gouv.fr/api/1/datasets/r/8ce8ad14-836e-427d-bb43-a6ce0ab5ecda",
Occitanie,Transport,"Réseau urbain UGGO",676000b2afd6e8d6796cde77,"https://transport.data.gouv.fr/datasets/donnees-transport-2024","donnees sept 2025",83042,"https://www.data.gouv.fr/api/1/datasets/r/3ba2db00-235a-4958-980e-5cdd20ce204e",
Occitanie,Mixte,"Réseau urbain et scolaire Agglobus",61c065936154db12e7e1359d,"https://transport.data.gouv.fr/datasets/transport-du-reseau-urbain-agglobus-et-de-transports-scolaires-gtfs","gtfs-rodezagglo.zip",81175,"https://www.data.gouv.fr/api/1/datasets/r/f17028a4-61ff-4b84-8856-f7c8937a2c28",
Occitanie,Transport,"Réseau urbain Alliance",5d80da4a6f444119c95283be,"https://transport.data.gouv.fr/datasets/horaires-theoriques-et-temps-reel-du-reseau-alliance-auch-gtfs-gtfs-rt","Horaires théoriques du réseau ALLIANCE - Auch(GTFS)",8119,"https://www.data.gouv.fr/api/1/datasets/r/cf9e898c-9ba6-4820-a51a-93709c07f891",
Occitanie,Transport,"Réseau urbain Transp’Or",5c419aaa8b4c4144b27a82f3,"https://transport.data.gouv.fr/datasets/offre-transport-en-commun-du-reseau-transpor-gtfs","Horaire hiver 2025",82168,"https://www.data.gouv.fr/api/1/datasets/r/bbbd5a29-2fbf-47ae-84fd-6d1ebb758eeb",
Occitanie,Transport,"Réseau urbain Figeac - Le Bus",5f6a06b05bcf2b29aa40083d,"https://transport.data.gouv.fr/datasets/horaires-theoriques-du-reseau-figeac-le-bus-gtfs","Horaires théoriques du réseau Figeac - Le Bus (GTFS)",11725,"https://www.data.gouv.fr/api/1/datasets/r/ab2d1451-dddd-4814-bc5c-8e219834a3e3",
Occitanie,Transport,"Réseau urbain Evidence",5b4f299cc751df452b86361b,"https://transport.data.gouv.fr/datasets/donnees-gtfs-du-reseau-de-transports-public-du-grand-cahors","gtfs-2024.zip",81432,"https://www.data.gouv.fr/api/1/datasets/r/1f768fa6-ee56-44d8-b322-75b946128fd8",
Occitanie,Transport,"Réseau urbain Libellus",5c9399f88b4c412a8b9315a8,"https://transport.data.gouv.fr/datasets/offre-de-transport-du-reseau-libellus-gtfs","libellus.zip",79508,"https://www.data.gouv.fr/api/1/datasets/r/70c9f936-129e-41f4-940a-8e6f272535d1",
Occitanie,Transport,"Réseau urbain F'Bus",5bd9d098634f4139e42617c5,"https://transport.data.gouv.fr/datasets/reseau-lagglo-bus-de-lagglo-foix-varilhes","gtfs-20240903-154223.zip",25381,"https://www.data.gouv.fr/api/1/datasets/r/8c9dd4f7-f6a2-4760-915e-89e8f9666c5b",
Occitanie,Transport,"Réseau urbain Mio",664314148651841f70a2d8a2,"https://transport.data.gouv.fr/datasets/fiches-horaires-reseau-urbain-mio-ccmillaugrandscausses","mio-hub-gtfs-20241510.zip",82411,"https://www.data.gouv.fr/api/1/datasets/r/b38a8202-1d7e-4345-964c-f07a335ea90b",
Occitanie,Transport,"Réseau urbain TUB",5e2071886f44414fdba2b300,"https://transport.data.gouv.fr/datasets/transport-urbain-du-bassin","transports-urbains-du-bassin-version-2-6-gtfs-2024-12-16-11-39-36.zip",11492,"https://www.data.gouv.fr/api/1/datasets/r/0163a7b9-f4b1-4d9b-9af1-dcc0e583c3b4",
Occitanie,Transport,"Réseau urbain TUM",5dfa54b46f44417bc185117a,"https://transport.data.gouv.fr/datasets/horaires-theoriques-et-temps-reel-du-reseau-transports-urbains-mendois-mende-gtfs-gtfs-rt","Horaires théoriques du réseau TUM (GTFS)",8487,"https://www.data.gouv.fr/api/1/datasets/r/2f42baea-fbe1-4b01-bf4a-8232fd83b24e",
Auvergne-Rhône-Alpes,Transport,"Agrégat des réseaux urbains et interurbains de la région Auvergne-Rhône-Alpes",61f7b4f89e4131deaf48fe02,"https://transport.data.gouv.fr/datasets/agregat-oura","Agrégat Oùra",78904,"https://www.data.gouv.fr/api/1/datasets/r/231acea2-40cf-4c06-b2eb-646274e0b853",
Auvergne-Rhône-Alpes,Transport,"Réseau interurbain Aravis bus de l'Ain (01)",675160406baf126656f0abcd,"https://transport.data.gouv.fr/datasets/reseau-urbain-aravis-bus","Réseau urbain ARAVIS Bus",82652,"https://www.data.gouv.fr/api/1/datasets/r/01fccb11-ec64-4c82-83d7-d47abe74bef2",
Auvergne-Rhône-Alpes,Transport,"Téléphérique de la Bastille - Bulles de Grenoble",6153ad370c072cfd9db0681a,"https://transport.data.gouv.fr/datasets/horaires-theoriques-du-telepherique-de-la-bastille","Horaires théoriques téléphérique de Grenoble",81618,"https://www.data.gouv.fr/api/1/datasets/r/3ec51aee-ce59-4608-b721-faae118ea1d0",
Auvergne-Rhône-Alpes,Transport,"Réseau urbain STAS",5c34c93f8b4c4104b817fb3a,"https://transport.data.gouv.fr/datasets/horaires-du-reseau-stas","GTFS",81023,"https://www.data.gouv.fr/api/1/datasets/r/fc66b270-658c-4678-9794-229a1a8a4938",
Auvergne-Rhône-Alpes,Transport,"Réseau urbain Sibra",5bd9843e634f413220f7f04a,"https://transport.data.gouv.fr/datasets/offre-de-transports-sibra-a-annecy-gtfs","gtfs-sibra.zip",80100,"https://www.data.gouv.fr/api/1/datasets/r/8b12f6db-9aa7-43dc-a179-013998a1c4c0",
Auvergne-Rhône-Alpes,Transport,"Réseau urbain Citéa",649c3cc8d773e2df916455c7,"https://transport.data.gouv.fr/datasets/ce-jeu-de-donnees-contient-la-liste-des-arrets-des-horaires-et-des-parcours-theoriques-du-reseau-de-transport-urbain-et-interurbain-de-vrm","gtfs-citea-sept2024.zip",82148,"https://www.data.gouv.fr/api/1/datasets/r/46bf6b5c-68c1-4198-a982-caeee88540a3",
Auvergne-Rhône-Alpes,Transport,"Navette de Montbrison et de Saint Just Saint Rambert",65a52f9de00d359eea787e84,"https://transport.data.gouv.fr/datasets/navettes-de-loire-forez-agglomeration","navettes-urbaines-lfa.zip",81539,"https://www.data.gouv.fr/api/1/datasets/r/4536fa0a-b880-47ba-9f94-42a6303e584b",
Auvergne-Rhône-Alpes,Transport,"Réseau urbain du Pays de Gex",65a901970267d05025a905ec,"https://transport.data.gouv.fr/datasets/transports-publics-urbains-sur-le-territoire-de-la-ca-du-pays-de-gex-1","CAPG_GTFS_2025",81585,"https://www.data.gouv.fr/api/1/datasets/r/95c73b12-d117-4faf-bb6f-abfe3c95eee1",
Auvergne-Rhône-Alpes,Transport,"Réseau urbain Transports du Pays Voironnais",5f581b61a3c659162a8f0772,"https://transport.data.gouv.fr/datasets/horaires-theoriques-du-reseau-transport-du-pays-voironnais","Horaires théoriques du réseau Transport du Pays Voironnais",81613,"https://www.data.gouv.fr/api/1/datasets/r/2ee1e02f-da22-4b86-8451-5ef67ae32cdd",
Auvergne-Rhône-Alpes,Transport,"Réseau urbain Mobivie",647897201acf3f0714b69227,"https://transport.data.gouv.fr/datasets/mobivie-reseau-urbain-vichy-communaute","Horaires format GTFS du 01/09/2025 au 31/07/2026",83310,"https://www.data.gouv.fr/api/1/datasets/r/4653683f-48a6-4f84-b313-058687fc5d04",
Auvergne-Rhône-Alpes,Transport,"Réseau urbain TréMA",5c0f8c7e634f41201cf158a6,"https://transport.data.gouv.fr/datasets/offre-de-transport-du-reseau-trema-gtfs","trema-gtfs-2025-09-01.zip",83377,"https://www.data.gouv.fr/api/1/datasets/r/5564aece-347c-4ed1-8c36-5443c66de520",
Auvergne-Rhône-Alpes,Transport,"Réseau urbain TréMA",5c0f8c7e634f41201cf158a6,"https://transport.data.gouv.fr/datasets/offre-de-transport-du-reseau-trema-gtfs","trema-gtfs-2025-09-01.zip",83375,"https://www.data.gouv.fr/api/1/datasets/r/c8f2f84a-eefa-461f-be11-71076a6a9bb7",
Auvergne-Rhône-Alpes,Transport,"Réseau urbain TréMA",5c0f8c7e634f41201cf158a6,"https://transport.data.gouv.fr/datasets/offre-de-transport-du-reseau-trema-gtfs","trema-gtfs-2025-09-01.zip",83376,"https://www.data.gouv.fr/api/1/datasets/r/fa6a409a-c85b-4252-84ca-aedb8de7ee5c",
Auvergne-Rhône-Alpes,Transport,"Réseau urbain Cherpa",65ddee1b3bc982d7e9dbb78b,"https://transport.data.gouv.fr/datasets/cherpa-horaires-lignes-regulieres","gtfs-20250113-au-20251228.zip",81643,"https://www.data.gouv.fr/api/1/datasets/r/7d54a219-8fe7-4635-a9fc-cefe5e57462e",
Auvergne-Rhône-Alpes,Transport,"Réseau urbain ARVI",68b48c2486fd35d69fb0272e,"https://transport.data.gouv.fr/datasets/gtfs-rentree-2025","GTFS_RentréeV5 (1).zip",83388,"https://www.data.gouv.fr/api/1/datasets/r/1c13a50e-ce82-4b3f-954f-cbd4a76541e0",
Auvergne-Rhône-Alpes,Transport,"Réseau urbain Jybus",616853a698450ae104dcab37,"https://transport.data.gouv.fr/datasets/offre-de-transports-jybus-a-rumilly","gtfs-jybus.zip",80092,"https://www.data.gouv.fr/api/1/datasets/r/9ba40024-aa3c-4e5c-b065-47eef0edf4e6",
Auvergne-Rhône-Alpes,Transport,"Réseau urbain 3CMA",671f73739ffc1d041004ddf5,"https://transport.data.gouv.fr/datasets/transport-urbain-3cma-bus","3CMA BUS Horaires GTFS",83258,"https://www.data.gouv.fr/api/1/datasets/r/ff226a89-a0f7-4e6d-af0c-3b34b54306ae",
Auvergne-Rhône-Alpes,Transport,"Réseau urbain TAG",5af03701b595081c1880a8a4,"https://transport.data.gouv.fr/datasets/horaires-theoriques-du-reseau-tag","Horaires théoriques du réseau TAG",81614,"https://www.data.gouv.fr/api/1/datasets/r/b6ec7ba4-09bc-46df-b9a1-79a2c2668cf2",
Auvergne-Rhône-Alpes,Transport,"Réseau urbain Tougo",5eb3510a4efd8f649ffe1b9f,"https://transport.data.gouv.fr/datasets/horaires-theoriques-du-reseau-tougo","Horaires théoriques du réseau TouGo",81794,"https://www.data.gouv.fr/api/1/datasets/r/c1067233-c35e-4c53-93b3-050f707bf6a2",
Provence-Alpes-Côte d'Azur,Transport,"Réseau interurbain bus Proximité ZOU !",668d0a18a847603d391cbeec,"https://transport.data.gouv.fr/datasets/lignes-des-reseaux-transport-zou-provence-alpes-cote-d-azur-proximite-3-3","ZOU_Réseau Proximité GTFS.Zip",82137,"https://www.data.gouv.fr/api/1/datasets/r/9c8116cb-2f1a-4045-b149-c5bf6cae6bef",
Provence-Alpes-Côte d'Azur,Transport,"Réseau interurbain Express ZOU !",668d0a08a847603d391cbed7,"https://transport.data.gouv.fr/datasets/lignes-des-reseaux-transport-zou-provence-alpes-cote-d-azur-express-3-3","ZOU_Réseau Express GTFS.Zip",82285,"https://www.data.gouv.fr/api/1/datasets/r/1164d75b-4a9f-4c5a-b765-31d861b34fda",
Provence-Alpes-Côte d'Azur,Transport,"Réseau interurbain Trains régionaux ZOU !",68afa029133777b3ecd6bb8b,"https://transport.data.gouv.fr/datasets/horaires-theoriques-des-trains-regionaux-zou-en-provence-alpes-cote-d-azur","Trains Express Régionaux ZOU ( Format GTFS)",83366,"https://www.data.gouv.fr/api/1/datasets/r/5a9f241f-e134-4f15-b72c-e7dfc86a468e",
Provence-Alpes-Côte d'Azur,Transport,"Réseau interurbain ZOU - Transdev Rail Sud Intermétropole",685baf2be31192d0ec7bcdc9,"https://transport.data.gouv.fr/datasets/zou","GTFS Schedule : les horaires théoriques, les arrêts, les calendriers et les itinéraires.",83255,"https://www.data.gouv.fr/api/1/datasets/r/642be8a3-695c-46dc-8d67-8e61e2a33d2b",
Provence-Alpes-Côte d'Azur,Transport,"Réseaux urbains de la Métropole Aix-Marseille-Provence",5b3b3de988ee38708ada1789,"https://transport.data.gouv.fr/datasets/reseaux-de-transports-en-commun-de-la-metropole-daix-marseille-provence-et-des-bouches-du-rhone","Référentiel complet (tous les réseaux)",81969,"https://www.data.gouv.fr/api/1/datasets/r/0d9a808a-9a9b-4fa1-b04f-339bbf2cfeb1",
Provence-Alpes-Côte d'Azur,Transport,"Réseau urbain Lignes d'Azur",685181f3733800e180c475fa,"https://transport.data.gouv.fr/datasets/donnees-statiques-et-dynamiques-du-reseau-de-transport-lignes-dazur","Flux GTFS du réseau de transport public Lignes d'Azur",83178,"https://www.data.gouv.fr/api/1/datasets/r/f5678ab2-c863-4b48-ba1f-9021c7d97634",
Provence-Alpes-Côte d'Azur,Transport,"Réseau urbain Mistral",5b6c1650634f4160a32d2a77,"https://transport.data.gouv.fr/datasets/reseau-de-transport-urbain-de-la-metropole-toulon-provence-mediterranee","Horaires théoriques du Réseau de transport urbain de la Métropole Toulon Provence Méditerranée",79560,"https://www.data.gouv.fr/api/1/datasets/r/b0789d9e-5077-4124-b6b2-773353ada8cf",
Provence-Alpes-Côte d'Azur,Transport,"Téléphérique du Mont Faron",667d7d9f6ca66f624e3facbf,"https://transport.data.gouv.fr/datasets/telepherique-du-mont-faron","GTFS_TEL_A_TO_N.zip",83367,"https://www.data.gouv.fr/api/1/datasets/r/65bb47dd-28de-43c0-92b9-f3208b5f8295",
Provence-Alpes-Côte d'Azur,Transport,"Téléphérique du Mont Faron",667d7d9f6ca66f624e3facbf,"https://transport.data.gouv.fr/datasets/telepherique-du-mont-faron","gtfs-tel-summer.zip",81910,"https://www.data.gouv.fr/api/1/datasets/r/972e3e89-e2e2-4931-9e6e-ed4b0a2a1a6d",
Provence-Alpes-Côte d'Azur,Transport,"Réseau urbain ENVIBUS",5be2ce698b4c414a99f9d84c,"https://transport.data.gouv.fr/datasets/arrets-horaires-et-parcours-theoriques-des-bus-du-reseau-des-transports-publics-envibus","Réseau des transports pubics Envibus ",79342,"https://www.data.gouv.fr/api/1/datasets/r/344e5a88-e993-4952-a8bf-503048020116",
Provence-Alpes-Côte d'Azur,Transport,"Réseau urbain Orizo",5ae2e01d88ee381811e691b5,"https://transport.data.gouv.fr/datasets/reseau-orizo-grand-avignon","GTFS du 250825 au 191025",83330,"https://www.data.gouv.fr/api/1/datasets/r/68eddc46-b2f5-4396-a298-214c415f6984",
Provence-Alpes-Côte d'Azur,Transport,"Réseau urbain Palmbus",5c65bad88b4c4143d45c9d5c,"https://transport.data.gouv.fr/datasets/horaires-theoriques-et-temps-reel-gtfs-gtfs-rt-du-reseau-palmbus-cannes-pays-de-lerins","palmbus-cannes-fr.zip",79420,"https://www.data.gouv.fr/api/1/datasets/r/47bc8088-6c72-43ad-a959-a5bbdd1aa14f",
Provence-Alpes-Côte d'Azur,Transport,"Réseau urbain TEDbus",667cacc64be7d63d6436b548,"https://transport.data.gouv.fr/datasets/tedbus-horaires-des-lignes-reseau","TEDbus - Horaires.GTFS.Zip",81907,"https://www.data.gouv.fr/api/1/datasets/r/a1d56fb0-e264-45f2-8822-c08746847a97",
Provence-Alpes-Côte d'Azur,Transport,"Réseau urbain et scolaire Sillages",5bc59247634f417c808580b3,"https://transport.data.gouv.fr/datasets/lignes-regulieres-de-transports-sillages-en-pays-de-grasse-urbain-et-scolaire","Réseau Urbain Sillages 2025",79822,"https://www.data.gouv.fr/api/1/datasets/r/851decd7-714f-45ad-9579-d60c06fad9dd",
Provence-Alpes-Côte d'Azur,Transport,"Réseau urbain Mouv'enbus",66da461b80f91630d0227702,"https://transport.data.gouv.fr/datasets/reseau-transport-mouv-enbus-agglomeration-provence-verte","MOUVENBUS-2_MOUVENBUS-2025-2026 10 09 25",82191,"https://www.data.gouv.fr/api/1/datasets/r/42d8f07f-6bda-4686-874e-e55e70501b60",
Provence-Alpes-Côte d'Azur,Transport,"Réseau urbain Envia",61efcafd47b4a2ff41c3a165,"https://transport.data.gouv.fr/datasets/donnees-statiques-et-temps-reels-reseau-envia","GTFS Théorique",82662,"https://www.data.gouv.fr/api/1/datasets/r/52216d2f-072e-4b7d-af0c-15d8d4e98b09",
Provence-Alpes-Côte d'Azur,Transport,"Réseau urbain Le Bus",66f2e97fc41001275c716d9f,"https://transport.data.gouv.fr/datasets/reseau-transport-urbain-le-bus","Horaires théoriques du réseau Le Bus.GTFS.zip",82294,"https://www.data.gouv.fr/api/1/datasets/r/11e73e58-edb0-4fab-a220-61a659cf6423",
Provence-Alpes-Côte d'Azur,Transport,"Réseau urbain Zest",5bb49085634f4115ddc9293b,"https://transport.data.gouv.fr/datasets/horaires-reseau-zest","Horaires au format GTFS",79559,"https://www.data.gouv.fr/api/1/datasets/r/72609821-2459-47fb-a63b-3dbbc0d96c92",
Provence-Alpes-Côte d'Azur,Transport,"Réseau urbain Trans'CoVe",5d155dbe9ce2e7713bf50c0e,"https://transport.data.gouv.fr/datasets/reseau-de-transport-transcove-de-la-communaute-dagglomeration-ventoux-comtat-venaissin","TransCoVe_GTFS",82728,"https://www.data.gouv.fr/api/1/datasets/r/76a25b4b-55cb-4dfc-a884-e0acd9b81a13",
Provence-Alpes-Côte d'Azur,Transport,"Réseau urbain et interurbain Trans'Agglo",687aec884e4a0dd29c55372d,"https://transport.data.gouv.fr/datasets/reseau-de-transport-en-commun-trans-agglo-de-dlva","Trans'Agglo_Réseau des transports en commun.GTFS.zip",83291,"https://www.data.gouv.fr/api/1/datasets/r/37f08652-500d-488e-a47f-8c9efc5ae704",
Provence-Alpes-Côte d'Azur,Transport,"Navette interquartiers de Saint-Cyr-sur-Mer",63c654695157be6fe16606e3,"https://transport.data.gouv.fr/datasets/transports-urbains-st-cyr-s-mer","sud-sainte-baume-janvier2023-st-cyr.zip",80498,"https://www.data.gouv.fr/api/1/datasets/r/a67da149-19bc-445d-b2d3-855fd82aa240",
Provence-Alpes-Côte d'Azur,Transport,"Réseau urbain Bandol - Sanary-sur-mer",62e23c6b59de90dff68ec781,"https://transport.data.gouv.fr/datasets/transports-urbains-bandol-sanary-s-mer","Réseau urbain BANDOL et SANARY S/MER",80363,"https://www.data.gouv.fr/api/1/datasets/r/358ab51c-78e8-45a4-ae5a-a05722af6c09",
Provence-Alpes-Côte d'Azur,Transport,"Réseau urbain La Croix Valmer",661d3cbfa35bc3e55f2af2ba,"https://transport.data.gouv.fr/datasets/golfe-de-saint-tropez-donnees-mobilite-tc-ligne-de-la-croix-valmer","données statiques",81863,"https://www.data.gouv.fr/api/1/datasets/r/bf169a63-e51b-44b3-bca0-e7aaa3335109",
Provence-Alpes-Côte d'Azur,Transport,"Réseau urbain Le Rayol Canadel sur Mer",661d3d4348c87b1e3adf073f,"https://transport.data.gouv.fr/datasets/golfe-de-saint-tropez-donnees-mobilite-tc-ligne-le-rayol-canadel-sur-mer","données statiques",81858,"https://www.data.gouv.fr/api/1/datasets/r/d4d91019-c15a-4733-bd2d-0ebf17d69993",
Provence-Alpes-Côte d'Azur,Transport,"Réseau urbain ligne Cogolin",661d3b938d126edb94a5651a,"https://transport.data.gouv.fr/datasets/golfe-de-saint-tropez-donnees-mobilite-tc-ligne-cogolin","données statiques",81867,"https://www.data.gouv.fr/api/1/datasets/r/8d670add-a215-486a-bf96-2b44b3b6aebe",
Provence-Alpes-Côte d'Azur,Transport,"Réseau urbain Navette Grimaud",661d3c0217bc4d76ad259501,"https://transport.data.gouv.fr/datasets/golfe-de-saint-tropez-donnees-mobilite-tc-navette-estivale-grimaud","données statiques",81866,"https://www.data.gouv.fr/api/1/datasets/r/7a182d63-ebe2-4490-8bc8-188ae7312c23",
Provence-Alpes-Côte d'Azur,Transport,"Réseau urbain Navette Ramatuelle",661d3dbba7761a7116a4bccd,"https://transport.data.gouv.fr/datasets/golfe-de-saint-tropez-donnees-mobilite-tc-navette-estivale-ramatuelle","données statiques",81772,"https://www.data.gouv.fr/api/1/datasets/r/629ffcc9-152e-4526-9720-3ccf944c97e2",
Provence-Alpes-Côte d'Azur,Transport,"Réseau urbain Navette Saint-Tropez",661d3e51b528171284b515f7,"https://transport.data.gouv.fr/datasets/golfe-de-saint-tropez-donnees-mobilite-tc-navette-reguliere-saint-tropez","données statiques",81773,"https://www.data.gouv.fr/api/1/datasets/r/147fd87d-9898-42a9-af88-748c0ac9bb52",
Provence-Alpes-Côte d'Azur,Transport,"Réseau urbain Cmonbus",68c3dc0495a8ecbfd7f4819c,"https://transport.data.gouv.fr/datasets/gtfs-reseau-cmonbus","GTFS réseau Cmonbus",83394,"https://www.data.gouv.fr/api/1/datasets/r/a6a32465-7366-47dc-a6fc-96f1d52b09d8",
Provence-Alpes-Côte d'Azur,Transport,"Réseau urbain L'Agglo en Bus",65a7d7a7fbf0d8d41d572b1b,"https://transport.data.gouv.fr/datasets/horaires-theoriques-et-temps-reels-du-reseau-de-transports-lagglo-en-bus-communaute-dagglomeration-gap-tallard-durance","GTFS_CAGTD",81547,"https://www.data.gouv.fr/api/1/datasets/r/78b7910e-1e31-4f47-b0a8-949647205ffa",
Provence-Alpes-Côte d'Azur,Transport,"Réseau urbain TUD",6357f252e8746ab0a790f68e,"https://transport.data.gouv.fr/datasets/reseau-de-transport-urbains-dignois","rtud-v8-gtfs-2024-06-03-11-20-05.zip",81791,"https://www.data.gouv.fr/api/1/datasets/r/21b768a8-28d1-4f18-a7b0-c848da95d95e",
Provence-Alpes-Côte d'Azur,Transport,"Réseau urbain Le TACO",67cec116cbfd782a972788ab,"https://transport.data.gouv.fr/datasets/le-taco-1","TACO___Luc_en_Provence-V10_2025_1.zip",82874,"https://www.data.gouv.fr/api/1/datasets/r/5b2dfdce-8ab2-41b2-a318-65f884e3ead2",
Provence-Alpes-Côte d'Azur,Transport,"Réseau urbain TCVO",6785a9fc729b9729dbe536af,"https://transport.data.gouv.fr/datasets/transport-en-commun-de-la-ville-dorange-ccpop-1","Réseau TCVO_Orange GTFS",82715,"https://www.data.gouv.fr/api/1/datasets/r/d6c75600-f730-421e-93df-74a143d3e723",
Provence-Alpes-Côte d'Azur,Transport,"Réseau urbain et interurbain Altigo",63c562c646696c9cd83544b7,"https://transport.data.gouv.fr/datasets/donnees-de-transport-en-commun-reseau-altigo-communaute-de-communes-du-brianconnais-format-gtfs","AltiGo_gtfs_2025-09-05_15-14-32",81455,"https://www.data.gouv.fr/api/1/datasets/r/3ee23301-f454-4175-ba53-4734c30d5245",
Provence-Alpes-Côte d'Azur,Transport,"Réseau urbain Vaï Embrun",67612c70408ff2fc34f1916d,"https://transport.data.gouv.fr/datasets/reseau-vai-embrun","Transports Vaï Embrun 2025-2026.zip",83364,"https://www.data.gouv.fr/api/1/datasets/r/bb9234b1-3837-4765-b630-276dc8bdabea",
Corse,Transport,"Réseau interurbain de Corse du Sud (2A)",6425dda513316bf1ecaf7e4a,"https://transport.data.gouv.fr/datasets/gtfs-transport-via-strada-les-cars-corse-du-sud","GTFS - Transport - Via Strada",83200,"https://www.data.gouv.fr/api/1/datasets/r/fe20cb23-34b8-4965-acf7-1b28bf966891",
Corse,Transport,"Réseau interurbain de Haute Corse (2B)",642e7d6f2a62c36294058091,"https://transport.data.gouv.fr/datasets/gtfs-transport-lignes-privees-corse","lignes-privees-corse-lignes-privees-corse-v1-gtfs-2025-04-17-09-56-13.zip",82994,"https://www.data.gouv.fr/api/1/datasets/r/aabc13db-58bd-41d4-8c06-ea3a10e604a6",
Corse,Transport,"Réseau interurbain des Chemins de fer Corse",6425def83ddb5f9cfd9652b2,"https://transport.data.gouv.fr/datasets/gtfs-transport-horaires-chemins-de-fer-corse-1","Chemin de fer de la Corse",83021,"https://www.data.gouv.fr/api/1/datasets/r/eff447a1-b61c-4573-8aae-c778bd8e07d0",
Corse,Transport,"Réseau urbain Muvitarra",5c9a32d2634f411ddd69eb05,"https://transport.data.gouv.fr/datasets/information-sur-les-transports-en-commun","gtfs-capa.zip",8645,"https://www.data.gouv.fr/api/1/datasets/r/3f08460c-8ec7-4b9e-a244-8855292b9e24",
Corse,Transport,"Réseau urbain Via Bastia",63529c6ab75d6b3dbdc8e220,"https://transport.data.gouv.fr/datasets/via-bastia-1","viabastia-viabastia-v6-3-gtfs-2024-10-15-09-30-39.zip",81624,"https://www.data.gouv.fr/api/1/datasets/r/f88dae7d-cf93-4a4b-aa82-9256d5f3cefc",
Corse,Transport,"Lignes maritimes de Corse du Sud",64d0d79d00f3062c1e41a3b7,"https://transport.data.gouv.fr/datasets/lignes-maritimes-de-corse-du-sud-de-la-collectivite-de-corse","lignes-maritimes-de-corse-du-sud-de-la-collectivite-de-corse.zip",82305,"https://www.data.gouv.fr/api/1/datasets/r/edabe706-150e-4320-a0cc-b68eed217495",
Corse,Transport,"Réseau urbain A Berlina",64269d3ffdf344361a751199,"https://transport.data.gouv.fr/datasets/gtfs-transport-horaires-des-lignes-de-la-communaute-de-communes-corse-du-sud-a-berlina","A-Berlina",82995,"https://www.data.gouv.fr/api/1/datasets/r/a84de823-7cb2-4d87-917e-e2dda306d280",
Corse,Transport,"Réseau urbain A Citadina",64a67be7a00fd1bbe918ec5d,"https://transport.data.gouv.fr/datasets/reseau-a-citadina-porto-vecchio-horaires-theoriques-et-temps-reel","Horaires du réseau de transport A Citadina au format GTFS",81252,"https://www.data.gouv.fr/api/1/datasets/r/74f0577f-f709-49db-9750-53c9341f6e50",
Corse,Transport,"Réseau urbain A Balanina",64269ed51399d8d111ca450f,"https://transport.data.gouv.fr/datasets/gtfs-transport-horaires-des-lignes-de-la-communaute-dile-rousse-balagne-a-balanina","a-balanina-horaires.zip",82997,"https://www.data.gouv.fr/api/1/datasets/r/f88c086a-4fe1-4af1-a027-f809d4422b65",
National,Transport,"Réseau SNCF TGV, Intercités et TER",6853c089b3ed5781f6adfdf7,"https://transport.data.gouv.fr/datasets/horaires-sncf","https://eu.ftp.opendatasoft.com/sncf/plandata/export-opendata-sncf-gtfs.zip",83194,"https://www.data.gouv.fr/api/1/datasets/r/b4da3ba6-e45b-4945-8b23-3721b62b225b",
